ZIP_CODE,EV_LEVEL_1,EV_LEVEL_2,EV_FAST,NETWORK_TYPE_ChargePoint,NETWORK_TYPE_Non-Networked,NETWORK_TYPE_Other-Network,TOTAL_HOUSEHOLDS,MEDIAN_INCOME,REG_COUNTS
03266,0,2,0,0,1,0,851.0,54904.0,0
07001,0,1,0,0,1,0,5022.0,69849.0,173
07003,0,12,5,4,1,3,18577.0,78034.0,795
07004,0,6,3,0,1,2,2621.0,122063.0,307
07005,0,1,10,0,1,1,5489.0,111946.0,445
07008,0,2,0,1,0,0,7925.0,73347.0,166
07009,0,2,0,1,0,0,4530.0,123768.0,426
07014,0,0,6,0,0,1,1844.0,89349.0,97
07016,0,2,0,1,0,0,8894.0,129781.0,594
07018,0,2,0,1,0,0,10377.0,47094.0,91
07020,0,23,0,1,0,4,5751.0,127221.0,648
07023,0,1,0,0,0,1,2506.0,147905.0,203
07024,0,12,0,0,0,3,17479.0,83767.0,1244
07028,0,2,0,1,0,0,2495.0,198625.0,440
07029,0,10,0,5,0,0,7266.0,69389.0,194
07030,0,27,0,7,1,3,25182.0,147620.0,1071
07032,0,14,11,3,0,4,13351.0,70658.0,299
07039,0,8,2,2,0,2,10225.0,166629.0,2126
07040,0,1,0,0,1,0,7945.0,138870.0,1032
07042,0,20,1,7,4,1,10436.0,108708.0,1192
07043,0,4,0,2,0,0,4132.0,205735.0,971
07044,0,10,0,4,1,0,5310.0,125000.0,457
07045,0,3,0,0,0,1,3883.0,169095.0,638
07052,0,12,2,3,0,3,16414.0,105584.0,1492
07054,0,11,8,5,1,1,11164.0,99251.0,868
07055,0,4,0,2,0,0,19854.0,40944.0,209
07059,0,5,0,0,0,2,5192.0,170096.0,1525
07060,0,4,1,2,2,0,14971.0,58707.0,422
07065,0,4,1,1,2,0,11304.0,78946.0,302
07066,0,2,0,0,0,1,5932.0,109924.0,268
07068,0,2,0,1,0,0,2349.0,129006.0,331
07069,0,1,0,0,1,0,2099.0,156408.0,594
07070,0,22,0,8,7,0,6977.0,101473.0,384
07071,0,4,0,0,0,1,8738.0,79985.0,305
07073,0,0,1,1,0,0,3966.0,80896.0,170
07079,3,4,0,0,1,1,5162.0,138525.0,936
07081,0,3,9,1,2,1,6901.0,111899.0,445
07083,0,7,0,3,1,0,19094.0,90971.0,625
07086,0,2,0,0,0,1,6633.0,101449.0,423
07090,0,8,0,0,0,4,10280.0,171064.0,1422
07093,0,13,0,7,0,0,24117.0,57473.0,528
07094,0,9,3,3,2,2,7557.0,114821.0,625
07095,0,16,0,0,1,5,7438.0,86615.0,218
07102,0,9,0,4,0,1,5501.0,25677.0,99
07103,0,2,0,1,0,0,11835.0,30108.0,73
07105,0,5,4,5,0,1,17320.0,44785.0,228
07106,0,3,0,0,0,1,11575.0,41195.0,46
07108,0,3,0,2,0,0,8928.0,27000.0,49
07114,0,13,2,8,0,1,3375.0,29682.0,72
07201,0,10,26,4,1,2,8651.0,47630.0,85
07203,0,2,0,1,0,0,7402.0,64718.0,99
07205,0,5,1,1,1,1,7342.0,75239.0,144
07302,0,57,7,16,2,6,22355.0,136679.0,1401
07304,0,9,0,2,2,1,16075.0,48360.0,298
07305,0,11,0,3,1,0,22652.0,55955.0,506
07306,0,4,0,2,0,0,20107.0,59794.0,381
07307,0,6,0,3,0,0,15721.0,63281.0,306
07310,0,12,22,0,0,6,6097.0,147516.0,313
07311,0,14,0,0,0,4,205.0,188634.0,51
07405,0,2,0,0,2,0,6394.0,116884.0,512
07410,0,2,0,1,0,0,11387.0,123159.0,751
07417,0,12,0,4,0,1,3845.0,172766.0,967
07424,0,4,1,1,2,0,9756.0,87125.0,437
07430,0,2,0,0,0,1,9778.0,107081.0,918
07444,0,3,3,1,0,1,4658.0,98281.0,213
07446,0,10,2,4,1,0,5512.0,147625.0,488
07450,0,4,0,2,0,0,8310.0,184556.0,1580
07452,0,4,0,0,1,1,3776.0,187000.0,493
07458,0,3,0,0,2,0,3859.0,162837.0,1321
07470,0,5,0,1,0,2,18350.0,123204.0,1324
07506,0,16,0,4,1,0,7118.0,97692.0,336
07512,0,6,0,2,2,0,3595.0,105637.0,279
07601,0,14,0,0,1,1,19080.0,70090.0,570
07604,0,6,0,0,2,1,4224.0,94801.0,235
07621,0,1,0,0,1,0,8946.0,96335.0,392
07624,0,4,0,1,0,1,2778.0,140357.0,552
07627,0,5,0,0,2,0,1680.0,154500.0,516
07644,0,0,8,0,0,1,8805.0,66595.0,233
07645,0,2,0,1,0,0,2975.0,146708.0,297
07649,0,4,0,2,0,0,2788.0,132358.0,316
07650,0,2,0,0,0,1,7403.0,68245.0,359
07652,0,38,8,8,2,5,8232.0,128306.0,1505
07656,0,6,0,3,0,0,3259.0,137883.0,250
07657,0,0,2,0,0,1,3827.0,71699.0,160
07660,0,4,0,0,0,1,4720.0,86923.0,181
07662,0,2,2,3,0,0,2001.0,84196.0,88
07663,0,4,2,0,0,2,5328.0,106776.0,173
07666,0,2,0,1,0,0,13072.0,111821.0,931
07670,0,4,0,1,1,0,4690.0,172926.0,1346
07677,0,24,16,19,1,1,1963.0,171103.0,5659
07701,0,11,1,3,5,0,9950.0,91587.0,619
07712,0,8,0,0,0,2,16726.0,69830.0,756
07719,0,1,0,1,0,0,8395.0,100391.0,576
07724,0,9,0,7,0,0,8740.0,82783.0,607
07728,0,4,8,1,2,1,19954.0,91855.0,1021
07730,0,2,0,0,0,1,5821.0,101849.0,224
07733,0,12,0,6,0,0,5831.0,148991.0,1062
07735,0,5,0,0,2,1,7104.0,79467.0,208
07740,0,2,0,1,0,0,12130.0,60122.0,492
07747,0,2,0,1,0,0,11892.0,109396.0,643
07748,0,0,6,0,0,1,9645.0,121490.0,466
07753,0,6,14,1,2,3,15730.0,73544.0,401
07755,0,2,0,0,1,0,2222.0,103472.0,167
07764,0,0,1,1,0,0,2485.0,109073.0,250
07828,0,0,2,0,0,1,5854.0,75528.0,213
07832,0,0,8,0,0,1,1273.0,99243.0,35
07834,0,8,1,2,3,0,6803.0,124593.0,706
07836,0,3,0,0,0,1,4536.0,122292.0,276
07847,0,2,0,1,0,0,746.0,112938.0,13
07849,0,2,0,0,0,1,3670.0,101977.0,177
07856,0,2,0,0,0,1,1748.0,90500.0,49
07860,0,13,1,4,1,1,9568.0,87820.0,293
07866,0,2,12,1,0,1,8623.0,110028.0,395
07869,0,2,0,1,0,0,9169.0,140841.0,939
07871,0,6,0,3,0,0,7188.0,137717.0,729
07874,0,3,0,0,2,1,3055.0,97080.0,102
07882,0,4,0,1,1,0,5676.0,84135.0,220
07901,0,5,0,1,0,1,8376.0,154688.0,1290
07920,0,41,8,5,2,2,9802.0,151365.0,1692
07921,0,10,0,1,1,0,3794.0,116250.0,375
07922,0,7,0,2,1,0,4144.0,181392.0,645
07924,0,6,0,1,0,2,2581.0,165677.0,467
07927,0,2,0,0,0,1,1590.0,125588.0,161
07928,0,4,0,0,0,2,6482.0,191607.0,1030
07932,0,3,0,0,0,1,3992.0,127273.0,370
07936,0,1,0,0,1,0,3771.0,136016.0,328
07940,0,10,0,0,0,5,5589.0,146620.0,781
07950,0,4,1,2,0,1,7147.0,127226.0,717
07960,0,8,0,0,2,1,18047.0,125744.0,2067
07974,0,10,0,1,1,1,4134.0,154655.0,460
07981,0,4,0,0,1,0,3558.0,118897.0,270
08002,0,19,13,8,2,3,8956.0,82285.0,2302
08003,0,7,0,0,0,4,10870.0,133946.0,1492
08005,0,0,8,0,0,1,9357.0,73914.0,203
08007,0,1,0,0,1,0,2120.0,75417.0,65
08008,0,9,0,4,0,1,3510.0,87960.0,217
08010,0,2,0,1,0,0,4343.0,64525.0,103
08012,0,5,1,1,2,0,14658.0,74573.0,372
08016,0,16,9,9,1,1,12145.0,77281.0,438
08028,0,5,0,0,1,0,6479.0,72313.0,324
08031,0,2,0,0,0,2,4392.0,59646.0,101
08034,0,2,8,0,0,2,6893.0,95012.0,508
08036,0,1,0,0,1,0,2240.0,108521.0,178
08037,0,2,0,0,0,1,8325.0,76073.0,328
08050,0,5,0,0,1,2,9935.0,82748.0,299
08051,0,2,0,2,0,0,4176.0,78846.0,101
08052,0,0,8,0,0,1,8285.0,61335.0,164
08053,0,1,12,1,0,1,17624.0,100720.0,923
08054,0,4,16,1,0,5,17302.0,94832.0,1219
08059,0,0,1,1,0,0,2127.0,76708.0,49
08060,0,2,8,1,0,1,8885.0,91616.0,355
08066,0,0,8,0,0,1,3635.0,51647.0,47
08067,0,1,16,0,1,2,587.0,87188.0,29
08075,0,0,1,0,1,0,10947.0,77750.0,305
08078,0,2,0,1,0,0,3149.0,67263.0,55
08080,0,2,0,1,0,0,13396.0,103247.0,629
08081,0,2,4,1,0,1,16791.0,89201.0,660
08083,0,0,8,0,0,1,3718.0,76433.0,100
08085,0,2,0,1,0,0,6755.0,126956.0,354
08087,0,2,0,1,0,0,10917.0,66410.0,256
08088,0,4,0,0,2,0,9269.0,83160.0,474
08096,0,4,12,0,2,1,13717.0,70780.0,405
08098,0,2,0,1,0,0,3269.0,92750.0,116
08108,0,2,0,1,0,0,7631.0,97279.0,436
08109,0,3,0,0,0,1,8422.0,70153.0,261
08202,0,3,0,2,0,0,809.0,87604.0,122
08203,0,4,0,0,0,1,4052.0,72372.0,133
08204,0,9,4,1,1,1,7735.0,71340.0,305
08205,0,9,0,2,0,2,10210.0,70966.0,406
08210,2,2,12,0,1,1,6381.0,71655.0,246
08215,0,3,0,1,1,0,5310.0,67403.0,160
08221,0,1,0,0,1,0,2509.0,109013.0,216
08226,0,6,0,1,2,0,5253.0,81076.0,261
08234,0,15,9,3,2,4,13914.0,81681.0,680
08260,0,7,0,2,0,2,6103.0,50911.0,217
08302,2,0,0,0,1,0,13927.0,51161.0,214
08312,0,2,0,1,0,0,2967.0,68398.0,46
08318,0,2,0,0,0,1,4545.0,85279.0,129
08328,0,0,8,0,0,1,526.0,65227.0,10
08330,0,2,0,1,0,0,10566.0,70231.0,321
08360,0,4,0,0,3,0,14631.0,50775.0,224
08401,0,22,0,0,2,5,15504.0,29232.0,140
08505,0,2,0,1,0,0,6880.0,93795.0,375
08510,0,0,8,0,0,1,1812.0,153194.0,205
08512,0,4,10,1,1,2,4078.0,90389.0,698
08520,0,9,0,0,1,1,9281.0,93419.0,736
08527,0,2,0,0,0,1,20389.0,94959.0,815
08530,0,1,0,0,0,1,3084.0,95341.0,299
08534,0,10,0,2,1,0,4739.0,138073.0,841
08536,0,5,0,0,0,2,7805.0,111258.0,970
08540,0,22,0,6,0,5,17485.0,144204.0,4701
08542,0,4,0,2,0,0,1733.0,81211.0,206
08558,0,7,0,1,0,1,2578.0,210682.0,819
08559,0,5,0,0,0,2,2118.0,115182.0,141
08560,0,9,0,0,1,1,1367.0,110038.0,250
08609,7,0,0,0,1,0,4163.0,34602.0,34
08619,0,8,0,4,0,0,8709.0,83612.0,445
08620,0,0,16,0,0,2,4055.0,94807.0,177
08628,0,9,1,3,2,0,3786.0,95417.0,219
08638,0,5,0,0,1,0,8031.0,54710.0,220
08640,2,0,0,0,1,0,903.0,72031.0,16
08641,0,28,0,0,1,0,1162.0,67500.0,66
08648,0,19,6,5,1,2,11588.0,100930.0,1138
08690,0,5,0,2,1,0,6909.0,100650.0,356
08691,0,10,14,3,1,2,6281.0,133960.0,794
08701,0,2,1,1,1,0,23781.0,52148.0,1007
08723,0,1,0,0,0,1,13021.0,76242.0,433
08731,0,2,2,1,0,1,7618.0,82907.0,178
08736,0,0,2,2,0,0,4904.0,127385.0,356
08751,0,12,0,6,0,0,2059.0,78648.0,70
08753,0,2,0,0,2,0,23261.0,82858.0,783
08757,0,0,8,0,0,1,16599.0,46107.0,265
08805,0,7,0,5,0,0,4161.0,72287.0,178
08807,0,12,4,3,3,1,13183.0,131955.0,1466
08809,0,6,0,1,1,1,2202.0,102760.0,241
08816,0,8,38,1,0,8,16435.0,115029.0,1704
08817,0,0,1,0,1,0,15564.0,93571.0,879
08822,0,13,8,2,3,2,11159.0,115981.0,1067
08830,0,4,0,2,0,0,6431.0,95430.0,311
08831,0,1,0,0,1,0,21111.0,89331.0,2527
08832,0,6,0,0,2,0,1052.0,65761.0,37
08833,0,0,1,1,0,0,3151.0,130694.0,410
08837,0,6,16,3,1,2,6100.0,87738.0,410
08840,0,8,0,0,1,1,6073.0,126671.0,545
08844,0,4,0,2,0,0,13803.0,129857.0,1766
08852,0,15,1,1,4,1,6736.0,107061.0,998
08854,0,22,0,0,2,0,16176.0,100034.0,1524
08857,0,2,8,1,0,1,14872.0,95930.0,920
08869,0,3,0,0,0,1,2995.0,79362.0,169
08873,0,2,0,1,0,0,20419.0,89784.0,1553
08876,0,27,0,6,4,3,8282.0,99755.0,584
08901,0,12,0,0,2,1,15328.0,43783.0,362
08902,0,0,12,0,0,2,14488.0,96389.0,1049
08904,0,2,0,2,0,0,5735.0,81402.0,405
10001,0,38,0,0,1,10,12997.0,92840.0,14
10002,0,15,4,0,0,6,33459.0,36982.0,0
10003,0,52,0,0,0,16,26043.0,118161.0,12
10004,0,3,0,0,0,1,1777.0,190223.0,4
10005,0,7,0,0,0,3,4363.0,189702.0,13
10007,0,15,0,0,1,4,2802.0,224063.0,171
10010,0,22,0,0,1,6,16815.0,132988.0,11
10011,0,53,0,0,0,17,29089.0,138272.0,4
10012,0,14,0,3,0,3,12181.0,106467.0,3
10013,0,30,2,1,0,11,12026.0,113191.0,4
10014,0,28,0,0,0,10,18013.0,133501.0,11
10016,0,59,0,1,1,22,29200.0,126628.0,10
10017,0,42,4,0,1,7,9663.0,131045.0,10
10018,0,7,0,1,0,3,4727.0,122484.0,31
10019,0,59,0,1,0,25,26158.0,103792.0,11
10021,0,60,0,0,1,20,23935.0,122169.0,4
10022,0,49,0,5,0,17,17953.0,150718.0,18
10023,0,42,4,0,1,16,34289.0,132605.0,8
10024,0,36,0,0,0,10,28165.0,143623.0,2
10025,0,53,0,0,0,18,41355.0,91624.0,1
10026,0,6,0,0,0,2,15479.0,59691.0,0
10027,0,7,0,0,0,2,23956.0,51938.0,2
10028,0,42,0,0,0,16,24640.0,122969.0,3
10029,0,9,0,1,0,3,31470.0,33720.0,6
10030,0,4,0,0,0,1,12688.0,42348.0,0
10032,0,2,0,0,0,1,21226.0,53525.0,4
10033,0,23,0,0,0,7,19833.0,63093.0,6
10034,0,11,0,0,0,2,16156.0,54406.0,0
10035,0,4,3,3,0,1,14524.0,29799.0,0
10036,0,35,0,0,2,10,17260.0,95301.0,3
10038,0,7,0,0,0,3,10461.0,95702.0,0
10044,0,14,0,11,0,0,4774.0,104808.0,0
10065,0,48,0,1,1,17,15255.0,148441.0,11
10069,0,9,0,0,0,3,3230.0,132500.0,1
10075,0,25,0,0,0,10,11388.0,138640.0,0
10128,0,29,0,0,0,11,30069.0,121829.0,1
10280,0,21,0,1,0,6,4558.0,182760.0,0
10301,0,5,0,0,0,1,14467.0,62052.0,0
10303,0,4,0,0,1,1,8268.0,67215.0,0
10305,2,6,4,4,2,1,14565.0,79742.0,7
10306,0,1,0,0,1,0,20189.0,80834.0,8
10307,0,3,0,0,0,1,5271.0,85103.0,5
10309,0,6,12,0,0,2,11523.0,109457.0,0
10310,0,4,0,0,0,2,8526.0,76075.0,0
10314,0,21,0,5,1,4,30882.0,91505.0,6
10451,0,5,0,0,0,2,19522.0,30349.0,0
10458,0,8,0,0,1,0,27581.0,35423.0,0
10459,0,13,0,0,2,1,16868.0,29284.0,0
10460,0,5,0,3,0,0,20778.0,27545.0,0
10461,0,2,0,1,0,0,18862.0,58305.0,0
10463,0,12,0,0,0,3,28752.0,58408.0,0
10465,0,8,0,0,0,1,15831.0,75617.0,0
10466,0,2,0,1,0,0,24216.0,58393.0,0
10467,0,12,0,2,0,3,37042.0,39372.0,0
10468,0,15,0,0,3,2,26328.0,37804.0,0
10471,0,5,0,3,0,0,8817.0,88722.0,1
10473,0,2,0,1,0,0,21189.0,41508.0,0
10475,0,0,12,0,0,1,18902.0,51951.0,0
10505,0,0,1,0,0,1,368.0,143000.0,0
10506,0,2,0,1,0,0,1850.0,224167.0,0
10507,0,8,0,4,0,0,2209.0,69852.0,0
10509,0,2,0,1,0,0,6863.0,104568.0,0
10512,0,0,1,0,0,1,9350.0,98091.0,0
10520,0,4,0,2,0,0,5133.0,110094.0,0
10522,0,2,0,0,0,1,3670.0,143462.0,0
10523,0,9,2,5,1,0,2950.0,100816.0,0
10524,0,2,0,0,0,1,1435.0,124006.0,0
10530,0,1,3,0,0,1,5694.0,109315.0,0
10532,0,3,0,0,0,2,1739.0,110417.0,0
10533,0,4,0,0,0,2,2619.0,158860.0,0
10536,0,6,1,3,0,1,3593.0,183365.0,0
10538,0,8,0,3,0,1,5812.0,196944.0,0
10541,0,2,0,0,0,1,9060.0,107180.0,0
10543,0,6,0,3,0,0,7593.0,104252.0,0
10547,0,2,0,1,0,0,2520.0,110685.0,0
10548,0,1,0,0,1,0,1321.0,89572.0,0
10549,0,4,0,2,0,0,5791.0,108287.0,2
10552,0,4,0,2,0,0,8572.0,77242.0,0
10562,0,8,13,4,0,2,11286.0,81952.0,1
10566,0,10,0,2,0,2,9367.0,57022.0,0
10567,0,2,0,0,0,1,6767.0,134719.0,0
10570,0,3,0,0,0,1,4049.0,146969.0,0
10573,0,6,0,2,2,0,12483.0,87977.0,0
10576,0,2,0,1,0,0,1808.0,199167.0,0
10577,0,10,0,5,0,0,829.0,164181.0,0
10580,0,4,4,0,0,4,5984.0,195172.0,7
10583,0,0,1,0,0,1,13923.0,208212.0,0
10589,0,0,13,0,0,2,3820.0,100313.0,0
10590,0,4,0,0,0,1,2704.0,153571.0,0
10591,0,13,15,2,0,5,8908.0,98071.0,7
10595,0,11,0,5,0,1,2354.0,109950.0,0
10598,0,9,2,0,2,2,10530.0,128545.0,0
10601,0,50,0,1,4,4,5268.0,71290.0,0
10603,0,17,0,0,0,2,7040.0,95833.0,0
10604,0,2,0,1,0,0,3808.0,101508.0,0
10605,0,12,0,4,0,1,7255.0,116895.0,0
10606,0,18,0,4,0,2,5632.0,80492.0,0
10607,0,2,0,1,0,0,2416.0,136250.0,0
10701,0,7,18,0,0,3,23565.0,47525.0,0
10706,0,2,0,1,0,0,3128.0,142500.0,0
10707,0,4,0,1,0,1,3964.0,114386.0,0
10708,0,6,0,3,0,0,8868.0,115435.0,0
10710,0,5,1,0,2,1,9631.0,88228.0,0
10801,0,6,15,0,2,3,14758.0,64043.0,0
10805,0,0,1,1,0,0,7602.0,72138.0,0
10901,0,20,0,8,0,1,8609.0,96460.0,6
10913,0,2,0,0,2,0,1488.0,151279.0,1
10917,0,6,2,0,0,2,527.0,111677.0,0
10918,0,3,0,0,0,1,4167.0,108073.0,3
10922,0,2,0,0,1,0,623.0,79832.0,0
10924,0,6,0,3,0,0,4334.0,105000.0,0
10926,0,8,0,2,0,1,1335.0,85288.0,0
10927,0,2,0,1,0,0,3733.0,63191.0,0
10928,0,2,0,1,0,0,1719.0,84267.0,0
10940,0,29,0,13,0,1,18075.0,62486.0,3
10941,0,3,8,0,0,2,4993.0,76676.0,0
10952,0,3,0,2,0,0,9282.0,59304.0,8
10954,0,5,6,1,0,2,8303.0,107077.0,0
10956,0,4,0,2,0,0,10402.0,142912.0,0
10958,0,2,0,0,2,0,937.0,104150.0,0
10960,0,3,0,1,0,1,6175.0,87479.0,7
10963,1,0,0,0,1,0,971.0,76118.0,0
10965,0,6,0,1,0,1,5332.0,111250.0,0
10968,0,0,1,0,0,1,1154.0,123580.0,0
10976,0,2,0,0,0,1,712.0,59864.0,0
10977,0,4,0,2,0,0,16269.0,54759.0,5
10990,0,6,0,2,1,0,7469.0,103642.0,0
10994,0,4,20,0,1,1,2630.0,164464.0,0
11010,0,2,0,0,0,1,7832.0,111135.0,0
11040,0,12,1,1,0,1,12958.0,129344.0,0
11096,0,2,0,0,2,0,2555.0,60675.0,0
11101,0,59,2,2,1,11,13896.0,75581.0,17
11105,0,11,0,0,0,3,15225.0,79883.0,3
11106,0,10,0,0,0,3,16917.0,68530.0,0
11109,0,13,0,1,0,2,2907.0,160625.0,0
11201,0,67,0,2,0,18,28593.0,129248.0,2
11203,0,10,0,0,0,3,28276.0,54457.0,0
11205,0,36,0,0,1,3,16459.0,58872.0,0
11206,0,2,25,0,0,2,31163.0,39753.0,0
11207,0,1,0,0,0,1,33619.0,39382.0,0
11209,0,5,0,0,0,1,29352.0,77917.0,6
11211,0,38,0,0,1,7,40435.0,81228.0,1
11212,0,4,0,0,0,1,31802.0,26521.0,0
11213,0,2,0,0,0,1,25504.0,44831.0,6
11215,0,24,1,2,0,8,28445.0,132091.0,0
11216,0,2,0,0,0,1,24871.0,67795.0,0
11217,0,35,12,0,0,10,18074.0,119375.0,1
11220,0,2,0,0,2,0,27637.0,50191.0,0
11221,0,3,0,0,0,1,31497.0,56900.0,0
11222,0,19,0,0,0,3,17446.0,93488.0,0
11224,0,6,0,0,0,1,18930.0,32549.0,2
11225,0,0,10,0,0,1,24136.0,59820.0,7
11231,0,9,0,0,0,3,15658.0,99643.0,0
11232,0,12,0,2,0,2,8760.0,61200.0,0
11233,0,2,0,0,0,1,30567.0,44905.0,0
11235,0,2,0,0,2,0,32338.0,54646.0,1
11236,0,5,0,0,1,0,33752.0,70793.0,0
11238,0,10,0,1,0,2,25060.0,91846.0,0
11239,0,4,0,0,0,1,6705.0,29172.0,0
11354,0,21,7,0,1,7,19925.0,40786.0,0
11355,0,13,0,0,1,3,27771.0,42507.0,0
11356,0,8,0,0,0,1,7501.0,61859.0,0
11360,0,2,0,1,0,0,8541.0,83063.0,0
11361,0,2,0,0,2,0,9908.0,87892.0,0
11364,0,0,1,0,0,1,13470.0,82028.0,0
11365,0,6,0,0,0,1,15705.0,67642.0,1
11367,0,4,0,1,0,1,14348.0,63546.0,0
11368,0,1,1,2,0,0,28633.0,54211.0,4
11369,0,2,0,0,0,1,9655.0,54184.0,0
11372,0,7,1,1,1,1,23786.0,60659.0,0
11373,0,1,13,0,0,2,30286.0,54584.0,0
11374,0,10,0,0,0,3,19549.0,66795.0,0
11375,0,16,0,1,0,5,32549.0,84713.0,0
11377,0,6,0,0,0,2,31331.0,58948.0,0
11378,0,3,0,1,0,1,12701.0,77710.0,0
11379,0,0,3,3,0,0,13373.0,83883.0,0
11385,0,2,10,0,0,2,35501.0,75340.0,0
11413,0,62,0,0,0,2,12297.0,93432.0,0
11415,0,9,0,0,0,3,8381.0,70900.0,0
11417,0,2,0,0,2,0,8898.0,76868.0,0
11418,0,2,0,0,0,1,10907.0,68920.0,0
11432,0,9,0,0,2,1,18697.0,62148.0,0
11433,0,3,0,0,0,1,10599.0,54253.0,0
11514,0,0,16,0,0,2,1671.0,82344.0,0
11520,0,5,0,2,0,1,14259.0,82200.0,0
11530,0,35,12,7,2,3,9500.0,168019.0,0
11542,0,2,0,1,0,0,9998.0,80607.0,0
11545,0,2,0,0,0,1,4359.0,163606.0,0
11548,0,2,0,0,2,0,544.0,135385.0,0
11550,0,8,1,3,2,0,16650.0,64155.0,0
11553,0,4,0,2,0,0,6492.0,79872.0,0
11568,4,5,0,0,1,1,1042.0,214250.0,0
11569,0,6,0,3,0,0,487.0,156750.0,0
11577,0,1,8,0,1,1,4244.0,149091.0,0
11580,0,2,0,0,2,0,13172.0,110575.0,0
11581,0,1,20,0,0,2,6765.0,117200.0,0
11590,0,16,1,6,2,1,14301.0,106959.0,0
11598,0,0,10,0,0,1,4068.0,145139.0,0
11701,0,8,1,3,2,1,8539.0,86447.0,0
11702,0,3,0,2,0,1,5101.0,130337.0,0
11703,0,8,0,4,0,1,5288.0,93938.0,0
11704,0,1,0,0,0,1,12712.0,95912.0,0
11706,0,17,0,2,2,2,18413.0,91204.0,0
11710,0,6,1,2,1,0,11434.0,136281.0,0
11714,0,4,0,0,0,1,7943.0,114095.0,0
11716,0,3,0,0,0,1,3593.0,93317.0,0
11717,0,8,0,4,0,0,13785.0,82237.0,0
11720,0,8,1,3,0,1,8888.0,109550.0,0
11726,0,0,8,0,0,1,5693.0,75085.0,0
11729,0,14,0,7,0,0,8616.0,94387.0,0
11732,0,3,0,0,0,1,1453.0,119028.0,0
11733,0,2,0,1,0,0,5456.0,155455.0,0
11735,0,15,0,3,0,5,11726.0,109858.0,0
11738,0,16,0,7,0,1,5422.0,110232.0,0
11740,0,4,0,1,1,0,3294.0,124527.0,0
11743,0,30,1,5,0,2,15197.0,128187.0,4
11746,0,10,4,2,4,0,21005.0,116560.0,0
11747,0,33,0,4,2,2,7003.0,126607.0,0
11754,0,2,0,1,0,0,6684.0,101710.0,0
11755,0,3,11,0,0,3,4227.0,116788.0,0
11757,0,6,0,4,0,0,14534.0,96369.0,0
11758,0,0,12,0,0,2,18565.0,120149.0,0
11762,0,1,0,1,0,0,7554.0,132426.0,0
11763,0,0,1,0,0,1,9444.0,88438.0,8
11766,0,4,0,0,0,1,4114.0,133050.0,0
11767,0,2,0,1,0,0,4989.0,116599.0,0
11768,0,2,0,0,0,1,7834.0,136549.0,0
11769,0,8,1,1,0,1,3298.0,103864.0,0
11771,0,2,0,1,0,0,3600.0,121481.0,0
11772,0,9,1,3,3,0,17303.0,80219.0,0
11776,0,1,0,0,1,0,7958.0,101793.0,0
11777,0,14,0,4,0,2,3393.0,115184.0,0
11779,0,3,0,0,1,0,12354.0,98450.0,0
11780,0,2,1,0,2,0,5515.0,125610.0,3
11784,0,2,1,1,0,1,7858.0,93050.0,0
11787,0,17,0,4,0,1,12000.0,128250.0,0
11788,0,7,12,1,0,4,5532.0,116468.0,7
11790,1,33,0,14,1,1,4405.0,130607.0,0
11791,0,10,0,0,3,0,8223.0,174675.0,0
11793,0,2,0,0,0,2,10240.0,139543.0,0
11795,0,1,0,1,0,0,7812.0,125691.0,1
11797,0,2,0,1,0,0,3097.0,182569.0,0
11801,3,23,0,0,2,4,12887.0,110302.0,3
11803,0,1,8,0,1,1,9731.0,147469.0,0
11901,0,28,14,12,2,5,9696.0,66438.0,2
11933,0,3,4,0,1,2,3060.0,77061.0,0
11934,0,4,0,0,0,1,2566.0,106892.0,0
11935,0,2,0,0,0,1,1285.0,102688.0,0
11937,0,17,0,2,0,3,6795.0,97961.0,0
11944,0,1,2,0,0,2,1959.0,58939.0,0
11946,0,2,1,1,0,1,5962.0,83301.0,0
11949,0,0,1,0,0,1,4937.0,96505.0,0
11954,0,28,12,0,0,10,1458.0,96389.0,1
11958,0,2,0,0,1,1,355.0,92179.0,0
11961,8,7,0,0,10,0,5496.0,70244.0,0
11963,0,7,0,1,0,3,2827.0,87688.0,0
11964,0,5,0,1,0,1,981.0,82768.0,0
11968,0,9,8,2,0,3,4339.0,106271.0,0
11971,0,8,0,0,1,2,2568.0,76250.0,0
11976,0,4,9,1,0,3,670.0,144167.0,0
11978,0,6,0,2,0,1,1315.0,103990.0,0
11980,0,1,0,1,0,0,2038.0,98702.0,0
12009,0,4,1,2,0,1,3019.0,90524.0,0
12010,0,38,2,17,0,3,11672.0,49036.0,3
12018,0,2,0,1,0,0,3060.0,96667.0,0
12019,0,4,0,2,0,0,5903.0,106866.0,0
12020,3,32,8,14,2,2,13748.0,82933.0,0
12027,0,4,0,2,0,0,1482.0,101667.0,0
12033,0,6,4,3,0,1,3188.0,77232.0,0
12037,0,4,0,2,0,0,1841.0,58266.0,0
12043,0,4,0,2,0,0,2898.0,55198.0,0
12047,0,51,0,20,1,3,9030.0,58199.0,0
12051,0,4,0,0,0,1,1500.0,58704.0,0
12054,0,44,0,20,0,1,6933.0,103384.0,0
12061,0,4,0,2,0,0,3871.0,98226.0,0
12065,0,82,0,37,1,2,17654.0,93840.0,1
12072,0,2,2,1,0,1,971.0,58750.0,0
12075,0,6,0,0,0,1,1130.0,72419.0,0
12076,0,2,0,0,0,1,630.0,56765.0,0
12077,0,6,0,3,0,0,2694.0,109052.0,0
12083,0,2,0,1,0,0,1415.0,78972.0,0
12084,0,8,0,4,0,0,2128.0,79239.0,0
12087,0,0,4,0,1,1,335.0,60057.0,0
12095,0,8,0,3,2,0,4859.0,54898.0,0
12106,0,4,0,1,1,0,1036.0,83750.0,0
12110,0,70,0,30,1,3,7245.0,81953.0,0
12118,0,4,0,2,0,0,6669.0,76431.0,0
12125,0,2,0,1,0,0,622.0,66328.0,0
12144,0,10,0,5,0,0,9144.0,72006.0,0
12159,0,12,0,5,1,0,3527.0,89009.0,0
12164,0,4,0,1,0,1,95.0,72083.0,0
12165,0,2,0,1,0,0,68.0,97500.0,0
12180,0,67,0,32,1,1,21328.0,55315.0,0
12182,0,0,1,0,0,1,6013.0,52467.0,0
12184,0,6,0,3,0,0,2586.0,75757.0,0
12186,0,1,1,0,0,2,2457.0,106250.0,0
12188,0,3,0,0,0,2,4823.0,70328.0,0
12189,0,44,0,22,0,0,8303.0,52594.0,0
12198,0,4,1,2,0,1,3088.0,77714.0,0
12202,0,18,0,10,0,1,4114.0,27750.0,0
12203,1,83,20,29,1,2,13199.0,61519.0,3
12204,0,17,0,6,1,0,3946.0,57953.0,0
12205,0,97,13,31,3,7,11061.0,75514.0,0
12206,0,22,1,6,4,2,6228.0,36396.0,0
12207,0,48,0,6,0,4,1179.0,18582.0,0
12208,0,17,0,3,1,1,9901.0,64295.0,0
12209,0,18,0,2,0,3,4154.0,51286.0,0
12210,0,12,0,3,0,2,5273.0,40966.0,0
12211,0,46,0,23,0,0,4153.0,103946.0,0
12302,0,42,1,21,0,1,9915.0,77740.0,0
12303,0,8,0,4,0,0,10373.0,67323.0,0
12304,0,8,0,3,2,0,8137.0,50949.0,0
12305,0,44,0,8,1,3,2296.0,37875.0,0
12308,0,45,0,5,0,9,4955.0,48092.0,10
12309,0,65,0,7,1,6,10709.0,108019.0,0
12401,0,62,9,23,2,5,14313.0,56668.0,0
12404,0,2,0,0,0,1,1315.0,52011.0,0
12412,0,2,0,0,0,1,193.0,64702.0,0
12414,0,6,0,1,1,1,4083.0,38498.0,0
12419,0,2,0,0,0,1,228.0,69219.0,0
12428,0,2,0,1,0,0,2579.0,47784.0,0
12442,0,4,0,2,0,0,380.0,29091.0,0
12443,0,2,0,1,0,0,1404.0,96515.0,0
12446,0,5,0,3,0,0,2036.0,59268.0,0
12449,0,6,1,1,1,1,1233.0,52799.0,0
12455,0,2,0,1,0,0,815.0,55402.0,0
12457,0,8,0,0,0,1,478.0,57542.0,0
12472,0,2,0,1,0,0,610.0,60750.0,0
12474,0,6,0,0,0,2,448.0,49545.0,0
12477,0,14,2,5,0,2,7813.0,57527.0,0
12484,0,12,0,1,3,1,1165.0,65485.0,0
12485,0,4,0,2,0,0,554.0,55303.0,0
12496,0,2,0,0,0,1,561.0,65197.0,0
12498,0,6,0,3,0,0,2383.0,61797.0,0
12501,0,4,0,0,0,3,972.0,65345.0,0
12502,0,2,0,1,0,0,437.0,76780.0,0
12504,0,6,0,1,0,2,41.0,168438.0,0
12508,0,11,0,2,1,2,7283.0,75962.0,0
12514,0,0,8,0,0,1,1138.0,113140.0,0
12518,0,2,0,0,0,1,2298.0,82230.0,0
12522,0,4,0,0,0,1,1899.0,55417.0,0
12524,0,0,13,1,0,1,5938.0,82196.0,0
12525,0,9,0,3,0,1,1092.0,78979.0,0
12526,0,2,0,1,0,0,1522.0,76964.0,0
12528,0,15,0,0,0,3,5169.0,75502.0,0
12529,2,6,0,2,1,0,941.0,83892.0,0
12531,0,2,0,0,0,1,1113.0,117478.0,0
12534,0,23,0,8,1,1,7594.0,53743.0,0
12538,0,2,0,1,0,0,5084.0,75297.0,0
12540,0,2,4,0,0,2,2759.0,120341.0,0
12545,0,5,0,0,2,0,2028.0,85286.0,0
12547,0,3,0,0,0,1,1072.0,87222.0,0
12548,0,5,2,0,0,2,521.0,70509.0,0
12549,0,2,0,0,0,1,3788.0,92870.0,0
12550,0,3,10,1,2,2,19684.0,62222.0,0
12553,0,2,0,1,0,0,9695.0,81709.0,0
12561,0,48,8,18,0,5,6442.0,72907.0,0
12564,0,1,0,0,0,1,2784.0,91545.0,0
12567,0,1,0,0,0,1,1109.0,59661.0,0
12569,0,2,0,1,0,0,3996.0,87500.0,0
12571,0,18,1,9,0,1,3887.0,85170.0,0
12572,0,13,0,5,0,1,3740.0,78067.0,0
12580,0,1,0,0,0,1,1669.0,70757.0,0
12583,0,3,0,1,0,1,885.0,92563.0,0
12590,0,6,0,2,2,0,12975.0,91595.0,0
12594,0,2,0,0,0,1,1667.0,72118.0,0
12601,1,26,0,7,3,3,16099.0,48132.0,0
12603,0,10,0,3,1,0,15708.0,92454.0,0
12701,0,10,0,3,0,2,4119.0,40947.0,0
12720,0,2,0,1,0,0,62.0,65179.0,0
12723,0,2,0,1,0,0,680.0,55000.0,0
12732,0,2,0,1,0,0,286.0,51000.0,0
12771,0,4,0,0,0,1,5720.0,56658.0,0
12775,0,2,0,1,0,0,713.0,103802.0,0
12776,0,0,8,0,0,1,873.0,56750.0,0
12777,0,1,0,0,0,1,436.0,93438.0,0
12801,0,42,0,20,0,1,6434.0,50232.0,0
12803,0,6,0,3,0,0,3586.0,59690.0,0
12804,0,54,10,21,1,4,11048.0,74036.0,0
12814,0,12,0,6,0,0,635.0,51172.0,0
12817,0,2,6,0,0,2,942.0,67222.0,0
12821,0,2,0,0,1,0,118.0,82770.0,0
12828,0,0,4,0,0,1,3840.0,62773.0,0
12834,0,6,0,3,0,0,2589.0,71677.0,0
12845,0,62,0,17,0,6,1960.0,61868.0,0
12846,0,4,0,2,0,0,1483.0,58950.0,0
12847,0,4,0,0,0,2,142.0,70000.0,0
12852,0,2,0,0,0,1,207.0,53875.0,0
12853,1,15,0,5,1,2,751.0,40380.0,0
12856,0,4,0,2,0,0,105.0,50464.0,0
12866,0,143,4,62,1,9,17628.0,85351.0,0
12870,0,3,4,1,1,1,755.0,51938.0,0
12883,0,2,0,1,0,0,2152.0,48229.0,0
12885,0,2,0,1,0,0,1939.0,51452.0,0
12901,0,21,12,8,3,3,13257.0,50750.0,0
12912,0,2,0,0,0,1,890.0,55455.0,0
12919,0,2,0,0,0,1,1134.0,53512.0,0
12921,0,2,0,1,0,0,986.0,78611.0,0
12932,0,4,0,1,1,0,509.0,62083.0,0
12936,0,10,0,5,0,0,215.0,58750.0,0
12942,0,1,0,0,1,0,392.0,83333.0,0
12943,0,1,0,0,1,0,200.0,32375.0,0
12946,0,46,8,18,0,5,1761.0,60464.0,0
12950,0,4,0,2,0,0,277.0,60139.0,0
12953,0,10,1,3,0,3,4727.0,48721.0,0
12970,0,10,0,5,0,0,146.0,75833.0,0
12979,0,2,0,0,0,1,1121.0,58692.0,0
12983,0,20,0,5,0,4,3348.0,53739.0,0
12986,0,9,0,0,0,6,2568.0,56650.0,0
12993,0,1,0,0,0,1,711.0,51581.0,0
12996,0,4,0,2,0,0,927.0,57118.0,0
12997,0,6,0,3,0,0,513.0,61736.0,0
13021,0,7,0,2,1,1,16708.0,52842.0,0
13026,0,2,0,1,0,0,582.0,71607.0,0
13027,0,10,0,3,0,1,13911.0,77565.0,3
13029,0,6,0,0,0,1,2774.0,77378.0,0
13030,0,6,0,2,0,1,1435.0,69125.0,0
13032,0,6,0,0,2,1,4638.0,58894.0,0
13035,0,7,0,0,2,1,2980.0,82250.0,0
13039,0,3,0,1,2,0,6609.0,91893.0,0
13041,0,2,0,1,0,0,4333.0,82411.0,0
13045,0,15,0,4,1,2,10495.0,53592.0,0
13053,0,4,0,1,0,1,1821.0,64831.0,0
13057,0,26,0,7,0,2,6121.0,62963.0,0
13066,0,8,0,3,0,1,5159.0,92177.0,0
13077,0,2,0,0,0,1,2721.0,64602.0,0
13078,0,5,0,4,0,0,3884.0,91786.0,0
13080,0,1,0,0,0,1,1277.0,58274.0,0
13088,0,27,8,8,1,3,10151.0,60775.0,0
13090,0,11,0,1,4,1,12184.0,75495.0,0
13108,0,1,0,0,0,1,2472.0,76435.0,0
13115,0,2,0,0,0,1,110.0,60000.0,0
13126,0,9,0,3,0,1,13634.0,53134.0,0
13135,0,2,0,0,0,1,2630.0,57444.0,0
13143,0,2,0,0,0,1,1043.0,56793.0,0
13152,0,6,0,0,0,2,3411.0,92875.0,0
13156,0,2,0,0,0,1,749.0,55250.0,0
13160,0,2,0,0,0,1,724.0,66196.0,0
13164,0,0,2,0,0,1,878.0,93276.0,0
13165,0,6,12,3,0,2,4301.0,56271.0,0
13202,0,35,0,5,1,3,2683.0,20196.0,0
13204,0,8,0,5,1,0,7903.0,34856.0,0
13205,0,2,0,0,1,0,6937.0,32579.0,0
13206,0,4,4,0,1,1,7793.0,43674.0,0
13208,0,9,0,5,0,0,8564.0,38475.0,0
13210,0,18,4,8,0,2,7639.0,31319.0,0
13212,0,32,3,2,1,3,8915.0,59932.0,0
13214,0,0,4,0,0,1,2880.0,74098.0,0
13308,0,4,0,2,0,0,1231.0,62313.0,0
13316,0,6,0,3,0,0,2715.0,51537.0,0
13320,0,2,0,0,1,0,801.0,60757.0,0
13322,0,2,0,0,0,1,385.0,62188.0,0
13323,0,18,0,0,0,1,4128.0,70317.0,0
13326,0,11,0,5,1,1,2324.0,56759.0,0
13339,0,2,0,1,0,0,2215.0,51758.0,0
13340,0,4,0,4,0,0,3121.0,64417.0,0
13346,0,8,0,3,0,1,1767.0,66913.0,0
13350,0,6,4,1,1,2,4152.0,50961.0,0
13367,0,2,0,1,0,0,3222.0,56337.0,0
13368,0,1,0,0,0,1,447.0,45114.0,0
13413,0,30,0,6,1,2,6393.0,75204.0,0
13420,0,6,0,1,0,1,439.0,55813.0,0
13421,0,4,0,0,0,1,5404.0,53802.0,0
13424,0,4,0,0,1,0,873.0,58902.0,0
13440,0,6,1,1,1,1,16261.0,53267.0,0
13441,0,6,0,0,0,2,103.0,48313.0,0
13460,0,2,0,0,1,0,1835.0,53178.0,0
13478,0,18,0,9,0,0,1160.0,61713.0,0
13480,0,2,0,0,1,0,1429.0,52204.0,0
13492,0,3,0,0,0,1,4818.0,67391.0,0
13495,0,3,0,2,1,0,847.0,53583.0,0
13502,0,15,8,3,1,2,12936.0,43110.0,0
13601,0,17,12,5,3,4,15076.0,45963.0,0
13607,0,0,1,1,0,0,684.0,48889.0,0
13617,0,9,1,4,0,1,3566.0,64569.0,0
13630,0,2,0,0,0,1,533.0,36313.0,0
13655,0,4,0,2,0,0,1440.0,41571.0,0
13662,3,8,0,1,4,0,7209.0,50704.0,0
13669,0,2,0,1,0,0,6100.0,50569.0,0
13676,0,5,0,1,0,1,5402.0,50700.0,0
13694,0,1,0,0,0,1,591.0,49926.0,0
13753,0,4,0,2,0,0,1823.0,55938.0,0
13755,0,2,0,1,0,0,490.0,50882.0,0
13760,0,7,0,2,0,1,18753.0,57331.0,0
13788,0,2,0,1,0,0,381.0,54375.0,0
13790,0,2,0,1,0,0,7619.0,46784.0,0
13795,0,0,2,0,1,0,1309.0,52944.0,0
13812,0,4,0,2,0,0,926.0,66875.0,0
13820,0,9,14,2,2,3,7698.0,50234.0,0
13830,0,2,0,0,0,1,2258.0,50139.0,0
13850,0,4,0,1,2,0,8936.0,68000.0,0
13865,0,2,0,0,0,1,2512.0,60326.0,0
13901,0,9,0,3,1,1,8108.0,44731.0,0
13903,0,0,4,0,0,1,7649.0,49411.0,0
13904,0,4,4,1,1,2,3887.0,51695.0,0
13905,0,15,8,3,1,4,11194.0,42369.0,0
14006,0,2,4,1,0,2,4162.0,55189.0,0
14009,0,2,0,0,1,0,2381.0,52369.0,0
14011,0,2,0,0,0,1,2783.0,68938.0,0
14020,0,12,0,1,1,3,9658.0,53841.0,0
14026,0,2,0,1,0,0,320.0,82885.0,0
14031,0,1,0,0,0,1,4187.0,85930.0,0
14034,0,2,0,0,0,1,726.0,52955.0,0
14036,0,2,0,0,0,1,2080.0,74418.0,0
14040,0,1,0,0,0,1,712.0,66105.0,0
14043,0,4,0,0,1,1,10981.0,58931.0,0
14048,0,4,0,2,0,0,6311.0,37238.0,0
14052,0,5,0,1,0,1,6816.0,85409.0,0
14059,0,2,0,1,0,0,4155.0,73940.0,0
14063,0,1,4,0,1,1,5130.0,55000.0,0
14069,0,2,0,1,0,0,313.0,57344.0,0
14070,0,2,0,0,1,0,2235.0,45737.0,0
14072,0,5,11,5,1,2,8501.0,80733.0,2
14075,0,11,0,3,2,1,18463.0,73610.0,0
14086,0,2,0,1,0,0,13231.0,83668.0,0
14092,0,12,0,0,2,0,4804.0,63718.0,0
14094,0,8,0,3,2,0,20291.0,58495.0,0
14103,2,2,0,0,1,1,4618.0,50244.0,0
14120,0,4,0,2,0,0,18671.0,64319.0,0
14127,0,15,0,10,2,0,12158.0,90210.0,0
14139,0,2,0,1,0,0,865.0,80842.0,0
14141,0,6,0,1,2,0,3173.0,59019.0,0
14150,0,16,0,6,0,1,18818.0,55951.0,0
14171,2,0,0,0,1,0,768.0,58667.0,0
14202,0,41,0,2,0,8,1769.0,49954.0,0
14203,0,76,0,33,1,2,1104.0,43173.0,0
14204,0,19,0,10,0,0,4146.0,22500.0,0
14206,0,4,0,0,0,1,8957.0,40751.0,0
14209,0,2,0,1,0,0,3837.0,39447.0,0
14210,0,35,0,20,1,0,6088.0,37380.0,0
14211,0,8,0,6,0,0,9420.0,26739.0,0
14213,0,6,0,1,0,1,9148.0,36471.0,0
14214,2,38,0,8,2,5,7928.0,47122.0,0
14215,0,2,0,1,0,0,16710.0,33788.0,0
14216,0,3,0,1,0,1,10378.0,59346.0,0
14220,0,2,0,0,0,1,9564.0,58671.0,0
14221,0,33,10,16,2,4,23245.0,83824.0,0
14222,0,13,0,5,1,1,6556.0,58957.0,0
14223,0,8,0,4,0,0,9798.0,68042.0,0
14225,0,13,12,1,2,3,15260.0,51378.0,0
14226,0,26,0,11,3,0,12826.0,72388.0,0
14227,0,4,0,4,0,0,10201.0,56671.0,0
14228,0,22,0,11,0,0,9334.0,56585.0,0
14303,0,6,0,2,0,1,2503.0,26080.0,0
14304,0,6,0,1,1,1,13019.0,56276.0,0
14305,0,2,0,0,1,0,7155.0,36023.0,0
14411,0,2,0,1,0,0,4994.0,47278.0,0
14414,0,9,0,0,0,3,3056.0,62768.0,0
14416,0,4,0,0,2,0,1423.0,63594.0,0
14418,0,5,0,0,0,1,507.0,42181.0,0
14420,0,10,0,5,0,0,7245.0,55010.0,0
14424,0,17,0,1,2,3,12118.0,66066.0,0
14425,0,2,0,0,0,1,4905.0,68503.0,0
14427,0,2,0,0,0,1,821.0,56719.0,0
14428,0,3,0,0,2,0,2854.0,74042.0,0
14432,0,4,0,2,0,0,2263.0,62970.0,0
14433,0,4,0,2,0,0,1527.0,52270.0,0
14445,0,6,0,2,2,0,3386.0,52450.0,0
14450,0,14,2,0,1,4,17245.0,88255.0,0
14454,0,2,0,1,0,0,3180.0,46648.0,0
14456,0,16,2,5,1,2,7496.0,52271.0,0
14467,0,3,0,0,0,1,4031.0,68354.0,0
14469,0,2,0,0,0,1,2544.0,59248.0,0
14472,0,2,0,0,0,1,3301.0,97854.0,0
14480,0,4,0,0,0,1,329.0,48939.0,0
14482,0,2,2,0,0,2,3406.0,67500.0,0
14485,0,3,0,0,0,2,1603.0,61716.0,0
14487,0,2,0,0,1,0,2380.0,75438.0,0
14510,0,8,0,0,0,2,2159.0,50184.0,0
14513,0,28,0,13,0,1,5749.0,48769.0,0
14514,0,8,0,0,0,1,2676.0,67863.0,0
14519,0,1,0,0,0,1,4998.0,72312.0,0
14526,0,1,0,0,1,0,8276.0,77771.0,0
14527,0,4,0,1,0,1,4668.0,55422.0,0
14530,0,2,0,1,0,0,2183.0,52600.0,0
14534,0,10,0,2,0,1,11817.0,121947.0,0
14543,0,4,0,0,1,0,1234.0,95000.0,0
14546,0,4,0,3,0,0,1991.0,70657.0,0
14548,0,2,0,0,0,1,1579.0,61858.0,0
14551,0,2,0,0,1,0,2039.0,49004.0,0
14555,0,2,0,0,0,1,548.0,46500.0,0
14559,0,7,0,0,2,1,7112.0,80847.0,0
14564,0,6,8,1,0,2,6027.0,98963.0,0
14569,0,2,0,1,0,0,2638.0,55147.0,0
14572,0,6,0,0,0,2,2035.0,53351.0,0
14580,0,12,0,2,3,2,21825.0,82999.0,0
14586,0,4,0,1,0,1,4316.0,80300.0,0
14604,0,18,0,7,0,1,1687.0,30542.0,0
14605,0,2,0,1,0,0,4208.0,22593.0,0
14606,0,12,0,0,0,2,11555.0,44553.0,0
14607,0,17,0,8,0,1,9564.0,46887.0,0
14609,0,4,16,1,0,2,17371.0,47935.0,0
14610,0,2,0,1,0,1,6898.0,66942.0,0
14611,0,12,0,5,0,1,6521.0,26726.0,0
14612,0,10,0,4,0,1,15006.0,63034.0,0
14613,0,4,0,0,0,1,5229.0,34468.0,0
14614,0,8,0,3,0,1,76.0,67333.0,0
14615,0,1,1,0,1,0,7080.0,42110.0,0
14617,0,31,0,17,0,0,9558.0,69677.0,0
14618,0,18,0,5,1,4,8277.0,100809.0,0
14620,0,25,0,5,0,3,11174.0,45885.0,0
14621,0,27,0,13,0,1,12513.0,27675.0,0
14623,0,73,0,13,4,12,8670.0,51800.0,0
14624,0,8,0,4,0,0,14303.0,71959.0,0
14626,0,19,0,3,1,2,12737.0,67749.0,0
14701,0,18,1,1,3,7,16913.0,41442.0,0
14731,0,4,0,1,1,0,537.0,63641.0,0
14744,0,6,0,1,1,1,434.0,61458.0,0
14750,0,5,0,0,2,1,2059.0,58885.0,0
14760,0,11,0,1,0,3,8072.0,45300.0,0
14779,0,1,8,0,1,1,2693.0,34912.0,0
14787,0,0,2,0,0,1,2132.0,49383.0,0
14817,0,2,0,1,0,0,995.0,64056.0,0
14818,0,4,0,0,2,1,953.0,63405.0,0
14830,0,14,0,3,0,2,8522.0,58682.0,0
14837,0,2,0,0,0,1,2175.0,56771.0,0
14840,0,1,0,0,1,0,1284.0,57623.0,0
14843,0,3,0,0,0,1,5196.0,45981.0,0
14845,0,10,1,0,2,3,8503.0,66643.0,0
14850,0,57,11,17,4,10,25217.0,55987.0,0
14864,0,2,0,0,1,0,481.0,75331.0,0
14865,0,6,0,0,0,2,1128.0,43846.0,0
14870,0,6,10,0,0,3,4111.0,68706.0,0
14881,0,2,0,1,0,0,89.0,81797.0,0
14886,0,4,0,2,0,0,2872.0,66977.0,0
14891,0,4,0,0,0,1,1738.0,49417.0,0
14892,0,4,0,0,0,1,3171.0,42361.0,0
14901,0,2,1,1,1,0,5158.0,32500.0,0
14905,0,2,0,0,0,1,3706.0,60234.0,0
19382,0,2,0,0,0,1,20211.0,100207.0,11
48009,0,3,0,0,0,1,9131.0,122804.0,519
48021,0,2,0,0,1,0,12635.0,49921.0,23
48034,0,3,0,0,3,0,7353.0,48481.0,83
48035,0,2,0,1,0,0,14478.0,55169.0,81
48036,0,1,0,0,1,0,9173.0,53084.0,90
48038,0,2,0,0,2,0,20234.0,60080.0,132
48043,0,4,0,2,0,0,6870.0,43321.0,38
48051,0,1,0,1,0,0,6471.0,72332.0,35
48060,0,15,8,0,3,2,16414.0,40579.0,55
48065,0,0,2,2,0,0,4292.0,76438.0,54
48066,0,2,12,0,2,2,20176.0,47605.0,57
48067,0,30,0,4,1,1,12312.0,85939.0,365
48071,0,6,0,1,1,1,13186.0,53439.0,108
48073,0,2,0,1,0,0,16468.0,78843.0,332
48075,0,1,0,0,1,0,9223.0,57106.0,69
48076,0,8,0,0,1,1,9691.0,71139.0,135
48080,0,2,0,0,1,0,10715.0,58365.0,91
48081,0,4,0,0,0,1,9004.0,63250.0,66
48083,2,8,2,5,0,1,9237.0,77538.0,173
48084,0,7,0,1,2,1,6660.0,96280.0,152
48088,0,6,0,1,1,0,9092.0,64163.0,50
48089,0,4,0,2,0,0,12290.0,39213.0,30
48092,0,6,0,2,1,0,10242.0,58161.0,155
48098,0,4,0,2,0,0,7035.0,135554.0,311
48101,0,2,0,0,1,1,10964.0,67130.0,97
48103,0,11,10,3,3,2,23452.0,95727.0,1252
48104,0,45,5,9,9,3,16386.0,58788.0,545
48105,1,26,0,9,3,0,14668.0,76551.0,698
48108,2,10,4,4,2,2,11150.0,66121.0,405
48111,0,5,1,0,3,1,17091.0,59140.0,192
48114,0,0,2,2,0,0,7813.0,95139.0,158
48116,0,1,2,0,1,1,11060.0,88183.0,232
48117,0,2,0,0,1,0,3852.0,70407.0,34
48118,0,4,0,2,0,0,4996.0,89393.0,156
48122,0,1,0,0,1,0,3724.0,41629.0,14
48124,0,12,0,1,3,0,11632.0,72325.0,275
48125,0,0,1,0,0,1,7624.0,49325.0,58
48126,0,1,0,0,1,0,12939.0,35436.0,174
48128,0,4,0,0,2,0,3836.0,78266.0,65
48130,0,2,0,1,0,0,5786.0,110833.0,210
48131,0,1,2,2,1,0,2979.0,62041.0,20
48134,0,2,0,0,1,0,8189.0,75435.0,89
48150,0,7,11,2,2,1,10391.0,76465.0,209
48152,2,4,0,3,0,0,12552.0,77283.0,200
48160,2,0,0,0,1,0,4650.0,72800.0,56
48161,0,2,0,0,2,0,10722.0,51920.0,36
48162,0,2,0,0,0,1,11549.0,56357.0,55
48165,0,0,1,0,1,0,2852.0,90700.0,76
48167,0,8,2,0,0,2,9007.0,99158.0,342
48170,0,0,1,0,0,1,17025.0,85634.0,478
48174,0,13,0,6,1,0,11833.0,51335.0,52
48176,1,7,0,2,3,0,8319.0,103384.0,311
48178,0,1,0,0,1,0,12985.0,100452.0,322
48180,0,2,1,1,1,0,24030.0,50053.0,123
48183,0,3,1,1,1,1,17573.0,66786.0,149
48185,0,3,0,0,2,0,21736.0,48698.0,106
48189,0,5,2,2,1,0,5657.0,73243.0,66
48195,0,2,0,1,0,0,12696.0,57133.0,52
48197,0,5,6,2,1,1,25517.0,61341.0,463
48201,0,3,0,1,1,0,8417.0,17331.0,60
48202,0,33,0,9,10,1,7613.0,26939.0,25
48204,0,2,0,0,1,0,9479.0,24283.0,9
48207,0,6,0,2,0,1,11554.0,30908.0,83
48211,0,2,0,0,1,0,2056.0,24104.0,6
48214,0,4,0,0,1,1,9989.0,31966.0,60
48216,0,12,0,6,0,0,2462.0,31106.0,12
48219,0,2,0,0,0,1,19371.0,34452.0,44
48220,0,3,1,0,3,1,11297.0,65024.0,251
48221,0,2,0,0,1,0,15733.0,42952.0,84
48226,0,116,4,30,8,4,4262.0,64509.0,57
48236,0,4,0,0,0,1,11286.0,112964.0,306
48239,0,3,0,0,3,0,13729.0,56365.0,98
48301,0,4,0,0,0,2,5501.0,147180.0,325
48302,0,2,0,1,0,0,6212.0,133427.0,393
48307,0,5,0,0,3,0,18000.0,81180.0,357
48309,0,5,0,2,1,0,11174.0,99234.0,243
48312,0,2,0,0,1,0,13657.0,62651.0,104
48313,0,4,0,0,1,0,13284.0,70457.0,110
48320,0,2,0,0,1,0,2300.0,59435.0,41
48322,0,8,0,2,1,1,12334.0,93308.0,314
48323,0,2,0,1,0,0,6402.0,115174.0,294
48326,0,24,13,8,3,2,9649.0,64615.0,307
48327,0,2,0,0,1,0,9531.0,59119.0,80
48329,0,4,0,1,1,0,9929.0,77942.0,154
48331,1,15,4,0,2,0,8397.0,107892.0,363
48334,0,15,0,1,2,1,7944.0,81688.0,199
48335,0,7,1,2,3,0,10718.0,80171.0,175
48341,0,13,0,3,0,2,6800.0,36049.0,26
48346,0,2,0,1,0,0,9158.0,81377.0,105
48348,0,6,0,2,0,1,8712.0,111938.0,227
48356,0,1,0,0,1,0,3316.0,86723.0,57
48374,0,0,1,0,0,1,5254.0,138979.0,210
48375,0,6,5,1,2,1,8530.0,98792.0,232
48377,3,9,0,5,1,0,7783.0,68426.0,183
48381,0,5,0,3,0,0,5481.0,79161.0,108
48382,0,4,0,2,0,0,8415.0,107807.0,235
48390,0,6,0,3,0,0,10423.0,73036.0,195
48393,0,6,0,2,0,1,7256.0,52335.0,96
48413,0,1,1,0,1,0,2928.0,47083.0,9
48415,0,2,0,1,0,0,3701.0,62475.0,19
48423,0,2,0,1,0,0,13996.0,53867.0,117
48427,0,0,2,2,0,0,1158.0,50625.0,3
48430,0,2,0,0,1,0,14371.0,77307.0,196
48439,0,6,1,1,2,1,19756.0,72347.0,271
48442,0,4,0,1,1,0,8252.0,68201.0,95
48453,0,0,2,2,0,0,2083.0,40417.0,4
48461,0,2,0,1,0,0,3176.0,60784.0,21
48471,0,1,0,0,1,0,2331.0,43601.0,5
48473,0,0,10,0,0,1,8983.0,66254.0,90
48504,0,3,0,1,1,0,11116.0,31685.0,14
48506,0,2,0,1,0,0,11653.0,36668.0,23
48601,0,2,0,0,1,0,14301.0,29822.0,17
48602,0,0,2,2,0,0,12292.0,34671.0,31
48604,0,2,0,0,2,0,4115.0,46324.0,8
48617,0,6,10,3,1,1,3413.0,48763.0,9
48629,0,3,0,0,2,0,3489.0,43078.0,7
48631,0,0,2,2,0,0,1714.0,55925.0,6
48640,0,4,1,1,2,0,13192.0,63337.0,196
48642,0,5,0,0,3,0,13584.0,67673.0,153
48653,0,2,0,0,1,0,4689.0,48382.0,24
48657,0,1,0,0,1,0,3357.0,60190.0,24
48661,0,4,0,2,0,0,4471.0,44467.0,9
48662,0,2,0,1,0,0,650.0,62000.0,0
48706,0,7,12,0,5,2,16709.0,49244.0,89
48708,2,0,0,0,2,0,11077.0,39985.0,45
48730,0,2,0,1,0,0,2228.0,44034.0,7
48734,0,4,0,2,0,0,3320.0,77019.0,22
48763,0,1,0,0,1,0,2028.0,52337.0,11
48811,0,4,0,2,0,0,1237.0,49836.0,1
48813,0,3,1,1,1,0,7882.0,62932.0,59
48820,0,5,0,2,1,0,6726.0,87632.0,110
48823,0,12,0,0,6,2,19946.0,46150.0,368
48842,0,2,2,3,0,0,8931.0,63416.0,123
48843,0,0,1,0,0,1,17162.0,78740.0,202
48846,0,0,2,2,0,0,6582.0,52917.0,17
48855,0,4,0,2,0,0,5836.0,80638.0,67
48856,0,2,0,1,0,0,383.0,43720.0,0
48858,0,9,2,3,4,2,17231.0,39833.0,87
48864,0,11,1,4,4,0,9162.0,86702.0,316
48867,0,0,2,2,0,0,11395.0,49836.0,71
48872,0,0,2,2,0,0,2652.0,70317.0,34
48875,0,2,0,1,0,0,3908.0,69118.0,19
48879,0,2,0,0,1,0,6776.0,65234.0,56
48906,4,8,0,6,1,0,10575.0,47450.0,78
48911,0,4,0,0,0,1,16232.0,44972.0,74
48912,0,12,10,0,3,3,7801.0,44102.0,69
48917,0,15,4,2,6,1,14736.0,61578.0,149
48933,0,19,0,3,4,1,1461.0,35701.0,8
49001,0,2,0,1,0,0,8884.0,45420.0,56
49002,0,7,14,2,0,3,8436.0,57336.0,89
49007,0,1,0,0,1,0,4055.0,33096.0,25
49008,0,2,0,0,1,0,6863.0,52944.0,178
49009,0,5,3,4,2,0,18439.0,65958.0,247
49014,0,16,0,6,1,0,8192.0,53578.0,33
49017,0,2,0,0,1,0,8914.0,47410.0,61
49022,0,12,8,6,0,2,12980.0,33747.0,38
49031,0,2,0,1,0,0,3058.0,51373.0,9
49036,0,6,0,1,2,0,9020.0,50909.0,46
49037,0,5,1,3,1,0,8768.0,33033.0,12
49048,0,2,0,0,1,0,9909.0,47949.0,61
49058,0,4,0,2,0,0,7564.0,61731.0,34
49068,0,14,12,11,0,1,6371.0,58750.0,40
49071,0,1,0,0,1,0,3600.0,84063.0,65
49078,0,2,0,1,0,0,3729.0,53223.0,11
49085,0,0,8,0,0,1,10187.0,75767.0,178
49090,0,5,0,0,0,2,6215.0,51277.0,42
49117,0,2,1,2,0,0,1762.0,58426.0,36
49120,0,4,0,0,3,0,15169.0,49409.0,64
49128,0,2,0,0,0,1,1443.0,57614.0,12
49201,0,18,1,8,2,0,15428.0,56766.0,215
49203,0,2,0,1,0,0,15723.0,46846.0,83
49221,0,2,0,1,0,0,14726.0,47952.0,94
49224,0,4,0,1,1,0,5046.0,41895.0,22
49250,0,2,0,1,0,0,2473.0,49925.0,19
49301,0,6,0,3,0,0,6817.0,132261.0,207
49304,0,2,0,0,0,1,1547.0,30885.0,3
49307,0,2,12,3,0,1,7084.0,40000.0,42
49310,0,2,0,1,0,0,1056.0,51276.0,3
49315,0,6,0,2,1,0,8320.0,82182.0,83
49316,0,1,0,0,0,1,8115.0,89326.0,119
49321,0,4,0,0,0,1,6822.0,57867.0,43
49329,0,0,2,2,0,0,3055.0,61601.0,19
49333,0,2,0,0,0,1,4386.0,73326.0,41
49337,0,6,0,0,0,1,5103.0,45767.0,17
49346,0,2,0,1,0,0,2144.0,55255.0,25
49348,0,7,0,0,1,1,4845.0,65115.0,21
49401,0,6,0,3,0,0,6868.0,46857.0,40
49404,0,2,0,0,1,0,3047.0,66854.0,21
49406,0,2,0,1,0,0,403.0,92708.0,18
49412,0,2,0,1,0,0,4368.0,55026.0,25
49418,0,9,2,5,2,0,10902.0,70504.0,106
49420,0,4,0,1,1,0,2322.0,47143.0,2
49423,1,22,1,7,4,1,16763.0,59133.0,263
49424,0,6,0,3,0,0,17897.0,68276.0,227
49426,0,0,11,1,0,1,12513.0,85410.0,146
49431,0,4,8,1,2,1,7553.0,52630.0,36
49440,0,5,0,2,1,0,610.0,14865.0,7
49441,0,2,0,1,0,0,15121.0,52612.0,85
49444,0,4,12,3,2,1,10038.0,40833.0,46
49446,0,1,0,0,1,0,967.0,61250.0,1
49453,0,2,2,3,0,0,1166.0,76250.0,58
49454,0,0,4,4,0,0,1780.0,50357.0,0
49456,0,4,0,2,0,0,8032.0,68196.0,82
49461,0,2,2,2,0,1,3530.0,60533.0,29
49464,0,25,0,14,0,0,10277.0,75799.0,104
49503,0,25,0,9,1,1,15772.0,47844.0,185
49504,0,4,0,2,0,1,15421.0,51048.0,102
49505,0,0,2,2,0,0,13482.0,52893.0,134
49508,0,3,0,1,0,1,14801.0,57404.0,89
49509,0,3,0,0,1,0,10011.0,49795.0,33
49512,0,15,11,4,5,3,7649.0,53017.0,56
49525,0,4,2,0,3,0,11591.0,70666.0,168
49544,0,0,6,2,0,1,4034.0,61577.0,17
49546,0,4,0,0,2,1,13127.0,72283.0,176
49548,0,8,0,3,1,0,12022.0,50787.0,38
49601,0,4,14,4,0,2,8735.0,47939.0,35
49615,0,2,0,1,0,0,1729.0,57043.0,11
49625,0,3,0,0,1,0,450.0,48214.0,5
49627,0,0,2,2,0,0,90.0,80500.0,0
49630,0,3,0,0,2,0,695.0,65990.0,3
49631,0,2,0,1,0,0,2478.0,41667.0,0
49635,0,6,0,0,0,3,1470.0,56346.0,19
49636,0,3,0,0,1,2,196.0,85833.0,13
49637,0,2,0,1,0,0,1282.0,54063.0,18
49640,0,1,0,0,1,0,632.0,47656.0,9
49643,0,2,0,1,0,0,2704.0,67308.0,9
49646,0,0,2,2,0,0,3409.0,45958.0,4
49660,0,0,2,2,0,0,5538.0,50868.0,23
49670,0,3,0,0,0,1,903.0,55809.0,17
49675,0,2,0,0,1,0,397.0,68281.0,2
49677,0,2,0,0,1,0,2826.0,42989.0,6
49682,0,2,0,0,0,1,1676.0,68263.0,22
49683,0,5,0,1,1,1,810.0,44516.0,7
49684,1,38,11,5,3,6,16815.0,61482.0,72
49686,0,15,0,1,3,3,14054.0,65148.0,89
49690,0,3,0,0,0,1,2812.0,74444.0,23
49701,0,8,12,6,0,2,459.0,43125.0,5
49709,0,2,0,0,1,0,1705.0,41024.0,4
49712,0,2,0,0,1,0,3494.0,58893.0,27
49713,0,2,0,0,0,1,875.0,58542.0,1
49715,1,0,0,0,1,0,1328.0,59625.0,3
49720,0,2,0,0,1,0,4052.0,54754.0,52
49721,0,5,0,0,2,0,6223.0,44337.0,18
49735,0,6,16,4,1,2,8062.0,54607.0,19
49740,0,2,0,0,0,1,3222.0,68028.0,47
49746,0,2,0,0,1,0,1562.0,42398.0,2
49749,0,0,2,2,0,0,1883.0,53899.0,17
49756,0,2,0,0,1,0,1804.0,39708.0,4
49762,0,1,0,0,0,1,331.0,48083.0,1
49765,0,2,0,0,1,0,1677.0,45845.0,1
49770,0,11,2,2,2,3,7480.0,57714.0,73
49779,0,0,2,2,0,0,1993.0,47171.0,0
49781,0,6,0,0,3,0,1859.0,43934.0,15
49783,0,5,19,0,1,3,7887.0,45257.0,10
49796,0,1,0,0,1,0,161.0,65417.0,1
49829,0,4,1,0,0,2,7906.0,40500.0,30
49855,0,3,8,1,1,1,12804.0,53318.0,26
49870,0,0,1,1,0,0,1658.0,44775.0,2
49931,0,1,0,0,1,0,3217.0,30687.0,24
49935,0,1,0,0,1,0,2826.0,39167.0,5
49938,0,3,0,1,1,0,3638.0,37659.0,1
49946,0,2,0,1,0,0,1613.0,45968.0,1
53005,0,2,0,1,0,0,7622.0,104534.0,109
53012,0,2,0,0,0,1,7410.0,97500.0,80
53027,0,3,0,0,0,1,9241.0,70162.0,32
53038,0,2,0,2,0,0,1593.0,85344.0,28
53045,0,23,0,0,0,3,8499.0,104901.0,184
53048,0,1,0,0,1,0,1439.0,56563.0,6
53050,0,3,0,0,0,1,2805.0,57668.0,12
53051,1,6,8,3,1,1,15354.0,82383.0,147
53066,1,11,0,0,2,0,13879.0,96880.0,154
53072,1,0,0,0,1,0,10710.0,92023.0,101
53073,0,4,0,0,0,1,6181.0,63570.0,88
53080,1,0,0,0,1,0,2360.0,56558.0,6
53081,1,5,8,0,3,2,17949.0,50353.0,88
53083,2,0,0,0,2,0,8335.0,72827.0,40
53090,0,1,0,0,0,1,8632.0,73992.0,35
53092,1,2,2,1,1,2,8495.0,106565.0,196
53095,0,1,0,0,1,0,11687.0,66301.0,72
53097,0,1,0,1,0,0,2003.0,129115.0,67
53103,1,0,0,0,1,0,1472.0,91210.0,6
53104,0,4,0,3,0,0,2165.0,82126.0,32
53105,1,4,0,1,2,0,11581.0,76850.0,85
53115,0,3,0,0,0,1,6405.0,61557.0,81
53120,0,1,0,0,0,1,3952.0,73205.0,27
53121,1,2,0,1,1,0,7538.0,70259.0,22
53125,0,1,0,0,0,1,806.0,85833.0,52
53130,0,2,0,1,0,0,3141.0,76677.0,24
53132,2,0,0,0,2,0,13653.0,84118.0,85
53142,0,3,12,0,1,1,12363.0,72141.0,145
53144,0,6,1,4,0,0,9879.0,60655.0,69
53147,0,1,6,0,0,2,7287.0,66011.0,103
53149,1,0,0,0,1,0,7534.0,98625.0,29
53151,0,0,1,0,1,0,13511.0,82325.0,110
53154,2,6,10,0,3,2,14714.0,74840.0,103
53158,2,8,8,4,2,1,6334.0,89968.0,87
53186,1,9,1,3,3,1,13933.0,62271.0,127
53190,0,3,0,2,0,0,6497.0,48258.0,42
53202,0,20,0,7,0,3,15696.0,55606.0,140
53203,0,6,2,4,0,2,985.0,72159.0,30
53204,0,13,0,2,0,1,13073.0,31446.0,75
53207,0,9,1,3,0,2,16588.0,64039.0,119
53208,0,4,1,3,0,0,12071.0,35171.0,38
53209,0,8,0,5,0,0,18610.0,36537.0,185
53211,0,10,1,6,0,0,14509.0,62815.0,191
53212,0,0,1,0,0,1,13195.0,37543.0,69
53213,0,0,1,0,0,1,11420.0,80139.0,113
53214,0,4,0,1,0,1,15642.0,49468.0,49
53215,0,0,10,0,0,1,19108.0,39310.0,28
53217,0,7,0,2,1,1,11437.0,107523.0,261
53220,0,0,1,1,0,0,11251.0,56808.0,28
53221,0,4,0,1,2,0,15951.0,51868.0,97
53222,0,4,0,2,0,0,11226.0,60023.0,61
53223,0,3,0,0,1,0,12341.0,50666.0,38
53224,0,2,0,0,2,0,7877.0,55262.0,28
53225,0,0,1,1,0,0,9897.0,44865.0,21
53226,0,4,0,0,1,0,8248.0,73398.0,82
53228,0,2,0,0,2,0,6249.0,69018.0,50
53233,0,12,0,4,0,3,4531.0,15635.0,18
53403,0,10,0,1,0,1,10530.0,42829.0,35
53406,0,2,0,0,1,0,10904.0,62016.0,42
53522,0,2,0,0,0,1,412.0,59762.0,2
53528,1,2,0,1,1,0,2501.0,87948.0,37
53532,0,2,0,1,0,0,5968.0,90546.0,68
53536,0,2,0,1,0,0,3509.0,73503.0,27
53538,0,2,0,0,1,0,7381.0,61815.0,49
53545,0,10,0,5,0,0,10047.0,56063.0,95
53549,1,0,0,0,1,0,4172.0,61706.0,9
53551,0,2,0,1,0,0,3465.0,73561.0,24
53558,1,0,0,0,1,0,4798.0,94951.0,81
53559,1,0,0,0,1,0,2199.0,73075.0,27
53562,0,7,1,5,0,0,11336.0,86438.0,255
53563,1,0,0,0,1,0,4258.0,78266.0,21
53572,1,0,0,0,1,0,3921.0,83794.0,75
53578,0,2,0,1,0,0,2686.0,66613.0,34
53581,1,1,0,0,2,0,4375.0,51550.0,13
53590,0,4,1,2,0,1,15914.0,82273.0,200
53593,0,4,0,3,0,0,9332.0,107029.0,337
53597,1,2,0,1,1,0,7464.0,105500.0,126
53598,0,2,0,1,0,0,1027.0,95087.0,20
53703,0,44,9,17,2,4,16629.0,40902.0,212
53704,0,20,13,11,1,2,20861.0,62783.0,310
53705,0,8,0,4,0,1,12129.0,70934.0,325
53706,0,16,0,8,0,0,59.0,10804.0,0
53711,0,8,9,5,1,1,21205.0,82793.0,379
53713,0,12,1,5,2,0,9799.0,44493.0,198
53714,0,0,5,0,0,1,7107.0,56544.0,64
53715,0,7,1,5,0,1,4880.0,34104.0,97
53716,0,9,1,5,0,1,8117.0,76498.0,110
53718,1,14,1,4,3,1,6698.0,78500.0,148
53719,0,14,2,9,0,1,13615.0,81490.0,248
53809,0,2,0,1,0,0,1541.0,60197.0,1
53818,0,6,0,3,0,0,5552.0,52601.0,22
53901,1,0,0,0,1,0,6155.0,52492.0,187
53913,0,2,0,1,0,0,8979.0,53483.0,62
53916,0,2,2,0,0,1,9597.0,54428.0,49
53933,1,0,0,0,1,0,1270.0,60250.0,5
53948,0,0,6,0,0,1,3306.0,52633.0,28
53952,2,0,0,0,1,0,1436.0,50917.0,10
53959,0,3,0,0,0,1,5220.0,65335.0,8
53963,0,2,0,1,0,0,5298.0,59132.0,19
53965,0,8,0,1,0,3,4664.0,54273.0,37
54002,0,2,0,1,0,0,2647.0,67819.0,13
54011,0,2,0,0,1,0,2699.0,79257.0,12
54015,0,1,0,0,1,0,1354.0,90104.0,5
54016,0,6,2,0,1,2,12471.0,96973.0,70
54017,0,2,0,1,0,0,6882.0,78131.0,19
54022,1,0,0,0,1,0,8364.0,70445.0,59
54024,0,2,0,0,1,0,2074.0,56667.0,6
54112,0,1,0,0,1,0,1033.0,56007.0,3
54114,0,1,1,0,1,0,2456.0,48178.0,36
54121,0,1,0,0,1,0,1342.0,53519.0,5
54130,2,4,0,4,2,0,10279.0,70533.0,54
54143,0,1,0,0,1,0,6922.0,50440.0,24
54153,1,0,0,0,1,0,3097.0,52011.0,2
54165,1,0,0,0,1,0,3056.0,69304.0,13
54202,0,5,0,0,0,2,657.0,62292.0,4
54209,0,5,0,0,0,2,631.0,71806.0,20
54210,0,1,0,0,0,1,389.0,67798.0,1
54211,0,7,0,0,0,3,138.0,83500.0,0
54212,0,4,0,0,0,2,488.0,83333.0,7
54220,0,3,0,1,0,1,17292.0,51542.0,78
54234,0,2,0,1,0,0,864.0,57188.0,11
54235,0,9,0,1,0,4,8110.0,59772.0,40
54241,0,1,0,1,0,0,6477.0,50836.0,34
54301,0,5,0,0,0,1,9199.0,59501.0,62
54302,0,4,0,1,2,0,12659.0,42454.0,53
54303,0,0,8,0,0,1,11913.0,41069.0,26
54304,2,9,0,4,2,1,12304.0,49704.0,36
54311,1,0,0,0,1,0,14130.0,66864.0,82
54313,0,1,1,2,0,0,14945.0,90598.0,107
54401,2,2,8,0,3,2,13127.0,53228.0,78
54403,2,0,0,0,2,0,10410.0,54612.0,31
54405,1,0,0,0,1,0,1147.0,50426.0,3
54409,0,1,0,0,0,1,5687.0,48065.0,15
54423,0,8,1,0,1,2,901.0,86875.0,0
54449,0,5,0,0,1,1,11624.0,58716.0,85
54452,1,0,0,0,1,0,8300.0,60070.0,33
54456,1,0,0,0,1,0,2551.0,52175.0,3
54467,3,0,0,0,3,0,5793.0,61070.0,24
54473,0,1,0,0,1,0,1057.0,60197.0,2
54481,2,4,0,2,2,0,11542.0,49435.0,67
54482,1,0,0,0,1,0,4240.0,72434.0,5
54501,1,0,0,0,1,0,8443.0,54904.0,30
54555,0,2,0,0,1,0,2396.0,51127.0,4
54562,0,4,0,0,0,1,925.0,54191.0,20
54601,1,8,0,1,5,1,20243.0,50181.0,169
54603,0,2,0,1,0,0,6449.0,49606.0,25
54619,0,2,0,1,0,0,1234.0,67500.0,0
54636,0,2,0,0,1,0,5171.0,81735.0,30
54639,0,4,0,2,0,0,1029.0,41875.0,15
54650,0,8,6,1,0,2,10149.0,64768.0,111
54656,1,2,0,1,1,0,7069.0,59329.0,42
54660,1,2,13,0,2,2,6552.0,57241.0,46
54665,0,2,0,0,1,0,3604.0,45720.0,43
54667,0,2,0,0,1,0,1810.0,57222.0,9
54669,0,0,1,1,0,0,3077.0,71319.0,25
54701,2,8,10,3,4,2,16169.0,60154.0,125
54703,0,6,0,3,0,0,17485.0,58031.0,62
54720,1,4,0,2,1,0,3277.0,56839.0,8
54742,0,2,0,0,1,0,1885.0,66972.0,8
54745,0,2,0,0,1,0,909.0,59141.0,0
54751,0,2,9,0,1,2,9532.0,54539.0,23
54812,0,1,0,0,1,0,1943.0,49958.0,4
54814,1,2,0,1,1,0,1214.0,59145.0,10
54817,0,1,0,0,0,1,1006.0,55682.0,1
54821,0,2,0,0,1,0,621.0,50375.0,0
54837,0,1,0,0,0,1,1640.0,51167.0,5
54848,0,2,0,0,0,1,2581.0,46656.0,14
54880,2,0,0,0,2,0,13288.0,49842.0,23
54891,0,0,2,0,0,1,1512.0,56146.0,11
54901,1,4,0,0,2,0,13838.0,49612.0,42
54902,2,0,0,0,2,0,10148.0,52076.0,359
54904,1,2,6,0,3,1,8982.0,75722.0,49
54911,2,2,0,1,2,0,10340.0,52433.0,71
54913,2,15,1,1,5,1,8478.0,83627.0,112
54914,0,4,0,2,0,0,13096.0,56064.0,278
54915,0,2,0,0,0,1,17030.0,67162.0,97
54923,1,0,0,0,1,0,3854.0,55250.0,1
54929,1,0,0,0,1,0,3843.0,53005.0,8
54935,1,0,0,0,1,0,17567.0,54543.0,71
54937,0,4,0,0,0,1,7645.0,68268.0,22
54941,0,2,0,0,0,1,1130.0,55069.0,1
54952,1,0,0,0,1,0,11490.0,59143.0,78
54956,1,3,0,0,3,0,18538.0,64329.0,73
54961,1,0,0,0,1,0,5845.0,59157.0,31
54981,1,0,0,0,1,0,6677.0,62796.0,54
54982,1,0,0,0,1,0,3012.0,51354.0,9
55008,0,2,0,1,0,0,5938.0,70685.0,108
55009,0,3,0,0,0,1,3198.0,76867.0,44
55013,1,0,0,0,1,0,2534.0,87273.0,53
55014,2,0,0,0,1,0,9739.0,91334.0,383
55016,0,6,0,2,1,0,12028.0,101473.0,389
55024,0,2,0,1,0,0,12151.0,98172.0,351
55025,0,0,2,0,0,1,9454.0,85721.0,237
55033,1,5,0,3,1,0,11785.0,76852.0,261
55037,1,2,8,0,2,1,1884.0,46548.0,6
55040,0,3,0,1,1,0,4857.0,81379.0,53
55041,1,0,0,0,1,0,3448.0,64665.0,68
55042,1,10,0,0,1,2,3408.0,120214.0,364
55044,0,6,0,3,0,0,18998.0,115477.0,1186
55051,0,0,2,0,1,0,3824.0,56461.0,18
55057,0,10,0,5,0,0,8038.0,75646.0,394
55060,2,6,0,0,3,2,11828.0,64267.0,175
55063,0,1,1,0,1,1,3608.0,58378.0,20
55066,1,2,1,0,2,1,8039.0,58656.0,174
55068,0,2,0,1,0,0,10518.0,100382.0,496
55072,1,2,0,0,2,0,1273.0,42983.0,6
55077,0,4,0,0,3,1,5223.0,78563.0,309
55082,0,4,0,1,1,0,13953.0,100290.0,885
55084,0,2,0,0,0,1,661.0,67102.0,10
55101,2,20,0,10,3,0,4685.0,58583.0,189
55102,6,29,0,12,1,3,9319.0,60018.0,577
55103,1,3,0,0,2,0,4932.0,34727.0,139
55104,0,16,14,8,2,2,16968.0,63618.0,821
55105,0,4,0,2,0,0,10404.0,92932.0,1048
55106,0,2,0,0,1,0,17974.0,50609.0,412
55108,1,3,0,1,1,0,6343.0,73144.0,520
55109,0,10,1,4,2,0,13017.0,64761.0,332
55110,2,3,1,0,3,0,16167.0,85062.0,609
55111,0,13,0,1,3,0,25.0,15250.0,77
55112,0,2,0,0,2,0,16892.0,74903.0,1087
55113,0,24,1,4,2,2,18021.0,69720.0,910
55114,0,2,0,1,0,0,1595.0,62240.0,117
55117,42,2,0,0,1,0,15970.0,53034.0,632
55118,0,4,0,1,1,0,12179.0,67129.0,681
55119,2,41,0,20,2,1,15409.0,57597.0,359
55121,0,6,0,3,0,0,3735.0,67250.0,220
55122,0,8,0,0,0,2,12988.0,79154.0,611
55123,0,6,0,3,0,0,9503.0,119162.0,679
55124,1,2,0,1,1,0,19976.0,89251.0,925
55125,1,2,0,0,1,1,16320.0,102539.0,869
55126,0,10,0,2,0,1,11172.0,92056.0,632
55127,0,6,0,2,1,0,7771.0,101573.0,610
55128,1,4,8,2,1,1,11637.0,70749.0,335
55129,0,0,8,0,0,1,9046.0,131469.0,929
55130,0,1,0,0,1,0,5536.0,38314.0,32
55302,0,2,1,0,1,0,3045.0,73171.0,60
55303,1,5,0,3,1,0,17977.0,84444.0,431
55304,1,2,0,0,2,0,16723.0,107760.0,802
55305,0,10,8,3,0,2,9935.0,82710.0,721
55306,0,12,1,2,2,1,6350.0,75026.0,183
55311,0,4,0,2,0,0,13936.0,127570.0,887
55317,1,0,2,0,1,1,8107.0,119886.0,669
55320,0,0,8,0,0,1,1933.0,78803.0,24
55330,0,6,1,3,1,0,13504.0,93372.0,368
55331,0,3,0,0,0,1,7119.0,137701.0,1010
55337,0,7,0,3,0,1,18352.0,72907.0,567
55343,2,4,1,0,2,1,12158.0,65803.0,440
55344,0,20,2,1,6,3,7047.0,72661.0,375
55346,0,2,0,1,0,0,6256.0,119236.0,476
55347,0,4,0,2,0,0,11487.0,143081.0,1089
55350,1,6,1,1,1,1,7761.0,62095.0,106
55352,0,1,0,0,0,1,3312.0,81278.0,128
55362,0,0,2,0,0,1,6988.0,76082.0,132
55369,0,31,0,3,2,5,15375.0,90735.0,608
55371,0,1,0,0,1,0,6229.0,71597.0,87
55372,0,10,0,5,0,0,12126.0,114556.0,729
55374,0,0,2,0,0,1,5253.0,128072.0,188
55376,1,0,0,0,1,0,5375.0,114409.0,195
55378,0,0,2,0,0,1,10248.0,119518.0,491
55379,0,8,0,2,0,1,15111.0,88072.0,627
55391,0,6,1,2,2,0,6772.0,124073.0,1085
55401,0,22,0,7,1,2,6745.0,94007.0,458
55402,0,24,0,10,0,3,408.0,56324.0,55
55403,3,27,0,11,1,2,11310.0,48682.0,682
55404,0,4,0,0,1,0,12091.0,30585.0,238
55405,0,5,0,0,1,1,7385.0,58939.0,733
55406,0,2,0,1,0,0,15571.0,67723.0,1110
55408,0,0,1,0,0,1,15350.0,59917.0,657
55411,0,3,0,2,0,0,9464.0,41110.0,187
55413,0,6,10,3,1,1,6660.0,70062.0,255
55414,0,12,0,2,1,0,12030.0,40812.0,458
55415,5,17,2,7,3,2,1978.0,103750.0,183
55416,0,31,10,7,3,5,16594.0,85108.0,1343
55417,0,1,0,1,0,0,10867.0,89938.0,771
55418,0,1,0,0,1,0,13243.0,70642.0,603
55419,0,2,0,0,1,0,10737.0,109008.0,1255
55420,0,4,0,2,0,0,8530.0,59535.0,277
55421,0,2,0,0,0,1,11719.0,56185.0,314
55422,0,4,8,2,0,1,12700.0,74697.0,632
55423,0,6,0,1,1,0,15265.0,66852.0,457
55424,0,4,0,2,0,0,3507.0,171125.0,780
55425,0,27,0,2,0,5,3997.0,62057.0,112
55426,0,13,0,6,1,0,12106.0,79955.0,521
55427,0,4,0,2,0,0,9649.0,80813.0,451
55428,0,6,2,3,0,1,12010.0,56235.0,237
55430,0,5,0,1,0,1,7652.0,58903.0,173
55431,0,4,0,2,0,0,7958.0,84725.0,306
55432,0,6,2,3,0,1,12143.0,63480.0,303
55433,1,0,0,0,1,0,13761.0,64194.0,233
55434,1,1,1,1,2,0,11378.0,70841.0,260
55435,0,15,0,4,0,2,7072.0,67586.0,336
55436,0,2,0,1,0,0,5741.0,105718.0,706
55437,0,16,0,0,0,5,7879.0,79616.0,291
55439,0,2,0,1,0,0,3494.0,138106.0,757
55442,0,4,0,1,0,1,5467.0,107515.0,321
55443,2,0,0,0,2,0,10897.0,82751.0,347
55445,0,21,1,7,2,1,4205.0,90566.0,174
55447,0,2,0,1,0,0,8596.0,102214.0,498
55449,0,8,0,1,0,1,10010.0,106101.0,599
55454,0,4,0,2,0,0,3454.0,21645.0,11
55604,0,2,0,0,0,1,1724.0,57500.0,20
55606,0,1,1,0,1,1,118.0,41250.0,0
55612,0,2,0,0,1,1,272.0,76250.0,11
55615,0,4,0,0,0,1,123.0,54375.0,5
55616,0,5,0,0,0,2,3293.0,63894.0,47
55718,0,0,8,0,0,1,1314.0,65985.0,9
55719,0,3,2,0,2,0,2594.0,44097.0,25
55720,2,0,0,0,2,0,6724.0,56717.0,18
55723,0,10,0,0,0,3,976.0,58700.0,8
55731,0,2,0,0,0,1,2904.0,50375.0,26
55744,0,4,2,0,1,1,8774.0,56698.0,89
55767,1,2,1,2,1,0,1259.0,52578.0,22
55783,0,0,1,0,0,1,978.0,60417.0,13
55792,0,1,1,2,0,0,4918.0,40676.0,19
55802,0,4,6,2,1,1,1361.0,31513.0,43
55804,0,1,0,0,1,0,5764.0,83850.0,225
55805,0,2,0,0,2,0,4829.0,30140.0,24
55806,1,2,0,0,1,1,4257.0,37934.0,38
55807,1,0,0,0,1,0,4234.0,49223.0,29
55811,5,3,0,1,5,0,11123.0,68226.0,124
55812,0,4,0,2,0,0,3480.0,55516.0,99
55901,1,16,0,4,4,1,22877.0,73815.0,544
55902,0,4,10,1,1,1,10361.0,89760.0,780
55904,1,4,0,0,2,1,10569.0,61604.0,188
55912,0,12,0,3,0,1,11412.0,50274.0,138
55920,1,0,0,0,1,0,2946.0,94798.0,84
55923,1,0,0,0,1,0,1854.0,77981.0,8
55925,1,0,0,0,1,0,430.0,69444.0,14
55949,0,4,0,2,0,0,707.0,61838.0,28
55960,0,2,0,0,1,0,1259.0,101927.0,46
55964,1,0,0,0,1,0,1742.0,65606.0,12
55976,0,1,1,0,1,0,3054.0,67875.0,54
55987,1,5,0,0,2,1,13779.0,53098.0,261
55992,1,0,0,0,1,0,2017.0,70450.0,33
56001,1,15,2,2,3,4,18754.0,52053.0,282
56003,1,4,2,2,2,0,6198.0,70245.0,121
56007,1,3,10,0,4,1,8984.0,49953.0,81
56011,1,0,0,0,1,0,3088.0,84681.0,42
56043,1,0,0,0,1,0,193.0,53125.0,0
56071,0,4,0,0,0,1,4480.0,88194.0,95
56073,0,4,2,1,1,0,7008.0,65906.0,103
56082,1,0,8,0,1,1,4847.0,61153.0,85
56087,0,2,2,0,1,0,1263.0,58097.0,1
56093,1,0,0,0,1,0,4912.0,54057.0,59
56156,0,2,0,1,0,0,2392.0,63041.0,17
56164,2,2,0,1,2,0,2399.0,50634.0,2
56171,0,0,8,0,0,1,782.0,61618.0,4
56187,0,0,6,0,0,1,5173.0,52699.0,39
56201,0,1,0,0,1,0,9077.0,51860.0,112
56222,0,2,0,0,0,1,825.0,61806.0,0
56258,0,3,0,0,0,1,5920.0,54324.0,40
56265,0,3,0,0,0,1,3319.0,54863.0,23
56267,0,4,2,1,2,1,2619.0,58750.0,60
56270,0,8,0,0,0,2,456.0,49500.0,1
56277,0,2,0,1,0,0,1262.0,63150.0,24
56288,0,4,0,0,0,1,2008.0,78790.0,35
56301,0,2,1,1,2,0,12027.0,52199.0,217
56303,0,2,1,0,1,0,10852.0,51813.0,136
56308,0,8,9,2,2,1,11413.0,64132.0,100
56313,1,0,0,0,1,0,37.0,43750.0,0
56345,0,2,2,0,1,0,6082.0,52621.0,69
56401,0,4,8,1,1,1,12492.0,52247.0,101
56425,0,4,0,2,0,0,3246.0,71338.0,35
56441,0,2,2,0,1,0,1577.0,44580.0,15
56466,0,1,1,2,0,0,1363.0,50257.0,5
56470,0,2,0,1,0,0,4432.0,53087.0,64
56472,0,2,0,1,0,0,3183.0,60313.0,27
56474,0,2,0,1,0,0,1895.0,44661.0,21
56477,0,2,0,0,1,0,1165.0,50650.0,14
56479,0,2,0,0,0,1,2178.0,46429.0,8
56482,0,4,0,2,0,0,2834.0,45854.0,24
56484,0,4,2,0,1,0,1503.0,51773.0,10
56501,0,2,2,0,1,0,7348.0,60833.0,82
56537,0,2,2,0,2,0,8188.0,54012.0,99
56560,0,2,1,0,1,0,16996.0,61667.0,198
56601,0,13,12,0,4,1,13635.0,51531.0,138
56633,0,2,0,0,0,1,1709.0,43844.0,10
56636,0,2,0,0,0,1,2025.0,54506.0,3
75001,0,14,0,0,1,2,8129.0,72512.0,761
75002,0,2,0,0,0,1,22414.0,101429.0,2622
75006,0,4,1,1,0,2,18580.0,64462.0,910
75009,0,1,0,1,0,0,4207.0,111146.0,934
75010,0,3,0,1,0,1,11834.0,85946.0,1927
75013,0,16,0,2,0,6,14569.0,130509.0,4137
75019,0,26,1,11,0,3,16212.0,118740.0,3183
75020,0,8,8,0,3,2,8895.0,50081.0,213
75022,0,1,0,0,0,1,8372.0,162351.0,2244
75023,0,9,0,4,0,1,18196.0,90193.0,1494
75024,0,36,13,5,2,7,17791.0,102524.0,3957
75025,0,15,0,1,0,5,18662.0,118505.0,3168
75028,0,2,0,0,0,1,16262.0,127931.0,2361
75032,0,7,1,0,0,3,11355.0,109080.0,1421
75034,0,50,0,12,2,10,38172.0,117707.0,4448
75035,0,5,0,1,0,2,24220.0,134636.0,6866
75038,0,22,0,2,3,2,12381.0,61692.0,979
75039,0,26,0,6,1,5,10160.0,92224.0,1835
75040,0,30,0,13,0,2,18295.0,63924.0,524
75041,0,4,0,0,0,2,9199.0,50395.0,136
75042,0,4,0,2,0,0,11312.0,50549.0,235
75043,0,2,0,0,0,1,21088.0,63331.0,508
75050,0,3,1,0,1,1,14693.0,58567.0,391
75051,1,1,0,1,1,0,12754.0,42922.0,851
75052,0,11,1,3,0,3,29675.0,78660.0,1332
75056,0,19,0,0,0,7,22537.0,89252.0,3452
75060,0,2,0,0,0,1,13818.0,57907.0,428
75061,0,6,0,0,1,1,17245.0,49400.0,291
75062,0,8,3,2,2,2,16177.0,55392.0,1232
75063,1,27,0,7,0,7,16119.0,96053.0,3760
75067,0,6,1,1,2,1,24812.0,63939.0,1117
75069,1,8,1,2,3,1,13816.0,58106.0,1169
75070,0,10,0,1,0,4,36849.0,102650.0,3428
75071,0,4,0,0,0,2,17814.0,103982.0,2611
75074,0,15,0,0,1,5,17907.0,70680.0,1381
75075,0,8,0,2,1,1,14421.0,80603.0,1393
75077,0,7,0,3,0,1,12667.0,108687.0,1402
75080,0,5,1,1,2,0,18856.0,77736.0,1776
75081,0,12,0,0,3,1,15029.0,77174.0,876
75082,0,13,0,5,0,1,8410.0,118929.0,1797
75087,0,9,0,1,1,2,12415.0,103423.0,1197
75088,0,7,0,1,0,2,9177.0,93703.0,599
75089,0,2,0,0,0,1,11492.0,107111.0,632
75090,0,7,0,3,1,0,8393.0,42130.0,153
75092,0,2,0,1,0,0,9968.0,56855.0,279
75093,0,43,0,6,1,13,18802.0,112930.0,3696
75094,0,2,0,0,0,1,6133.0,125990.0,1541
75098,0,4,0,0,0,2,17367.0,94641.0,1519
75103,0,1,0,0,1,0,5464.0,61083.0,82
75104,0,9,0,0,0,3,15621.0,73171.0,808
75110,0,0,10,0,0,1,9935.0,44906.0,85
75115,0,5,1,0,0,2,19183.0,72084.0,561
75119,0,0,4,0,0,1,9509.0,60229.0,209
75126,0,2,0,0,0,1,14280.0,99729.0,1217
75134,0,3,1,1,0,1,7274.0,54140.0,99
75137,0,2,0,0,0,1,6932.0,65291.0,234
75143,0,3,0,0,0,1,5339.0,50390.0,122
75146,0,1,0,0,1,0,6873.0,60701.0,160
75150,0,22,2,2,2,7,21086.0,54440.0,342
75159,2,1,0,0,1,0,5359.0,55712.0,78
75165,0,3,0,0,0,1,15459.0,69827.0,634
75182,0,2,0,1,0,0,1860.0,136118.0,271
75189,0,0,4,0,0,1,9258.0,90694.0,480
75201,0,106,0,40,1,10,10335.0,97104.0,1957
75202,0,27,0,6,2,2,1497.0,79766.0,275
75203,0,5,0,0,1,0,6425.0,39285.0,92
75204,0,34,0,4,0,6,17628.0,81529.0,2283
75205,0,11,0,0,0,5,9316.0,156636.0,2229
75206,0,12,1,6,0,1,20919.0,71135.0,2343
75207,0,14,0,0,1,3,1731.0,87480.0,182
75208,0,2,0,0,0,1,10716.0,63277.0,1098
75209,0,13,0,5,0,2,6648.0,95112.0,1361
75211,0,9,0,0,1,2,21720.0,44893.0,233
75212,0,1,0,0,0,1,7923.0,36212.0,224
75214,0,2,0,0,0,1,16243.0,89719.0,2412
75215,0,1,0,0,0,1,6809.0,30865.0,210
75216,0,5,0,2,1,0,18482.0,27288.0,116
75218,0,8,1,0,1,3,10404.0,83851.0,1089
75219,0,10,1,5,0,1,15447.0,72559.0,2132
75223,0,2,0,1,0,0,4555.0,50286.0,239
75225,0,0,2,0,0,1,8932.0,161296.0,2104
75226,0,8,0,2,0,1,1933.0,49115.0,198
75229,0,2,0,0,0,1,11085.0,100144.0,1656
75230,0,4,0,2,0,0,13207.0,91596.0,2619
75231,0,10,27,3,0,4,17126.0,41806.0,722
75234,0,29,0,2,1,8,12784.0,71118.0,985
75235,0,53,0,15,1,6,7937.0,48603.0,2179
75237,0,3,0,0,2,1,9159.0,27970.0,73
75238,0,3,0,0,0,1,12755.0,70593.0,673
75240,0,11,0,2,0,3,10115.0,51569.0,561
75243,0,3,0,0,0,1,28307.0,41786.0,993
75244,0,6,0,2,1,1,5864.0,95711.0,804
75246,0,2,0,0,0,1,1343.0,24803.0,22
75248,0,8,0,1,0,2,16460.0,86938.0,1772
75251,0,8,0,1,0,2,1740.0,69028.0,166
75252,0,4,0,2,0,0,12410.0,63053.0,1410
75253,0,2,1,0,1,1,6461.0,48174.0,90
75254,1,21,1,5,1,5,11837.0,54122.0,599
75287,0,3,0,1,0,1,28087.0,52150.0,1304
75402,0,1,0,0,1,0,6744.0,65972.0,171
75455,0,0,4,0,0,1,9405.0,50170.0,70
75482,0,0,8,0,0,1,9481.0,51311.0,165
75501,2,2,0,1,1,0,13291.0,37983.0,48
75503,0,0,8,0,0,1,9565.0,66706.0,180
75602,0,4,0,0,0,1,7094.0,42530.0,111
75605,0,6,0,0,2,1,12396.0,62132.0,499
75672,0,4,0,0,0,1,5970.0,58175.0,82
75701,0,4,0,1,2,1,12195.0,47543.0,293
75703,0,4,1,1,1,1,16627.0,62544.0,727
75709,0,4,0,2,0,0,1756.0,62682.0,66
75771,0,0,8,0,0,1,7461.0,69199.0,137
75801,0,1,0,0,0,1,5854.0,38674.0,88
75833,0,0,12,0,0,1,1159.0,48098.0,5
75901,0,1,0,0,1,0,10547.0,50813.0,85
75951,0,2,0,0,0,1,5698.0,40069.0,88
75964,0,0,8,0,0,1,6694.0,44857.0,71
76006,0,1,1,0,0,1,11553.0,48116.0,487
76008,0,1,0,1,0,0,5955.0,133297.0,712
76009,0,2,10,1,0,1,6709.0,59978.0,138
76010,0,4,0,2,0,0,17734.0,39073.0,290
76011,0,9,11,3,0,3,9702.0,40102.0,248
76012,0,2,0,0,0,1,10295.0,65022.0,742
76013,0,4,0,2,0,0,12877.0,55166.0,542
76014,0,6,0,0,0,2,10977.0,52588.0,236
76015,0,10,0,0,0,3,6482.0,57274.0,196
76017,0,2,0,2,0,0,17029.0,75525.0,665
76018,0,2,0,0,2,0,9200.0,67962.0,246
76021,0,0,1,1,0,0,14929.0,74148.0,885
76022,0,4,1,0,3,0,5526.0,61129.0,236
76028,0,3,2,1,2,1,24275.0,80435.0,1202
76034,0,4,0,1,0,1,9290.0,163315.0,2122
76048,0,2,0,0,0,1,9487.0,54429.0,331
76049,0,2,0,1,0,0,11237.0,76113.0,488
76051,0,19,14,3,2,5,20644.0,91131.0,2128
76053,0,2,1,0,0,2,10861.0,55711.0,382
76055,0,4,0,2,0,0,1021.0,55208.0,42
76063,0,7,1,1,0,3,23679.0,97533.0,1667
76086,0,2,0,0,0,1,8348.0,59098.0,143
76087,0,3,1,0,2,1,9688.0,90780.0,504
76092,0,18,10,7,1,1,9453.0,240507.0,4212
76102,0,13,1,0,2,3,3671.0,72560.0,831
76104,0,9,0,1,3,1,6270.0,31450.0,183
76107,0,12,18,6,0,3,14327.0,66259.0,1215
76108,0,2,0,0,1,0,15381.0,68860.0,762
76109,0,4,2,0,1,2,9688.0,82640.0,1038
76114,0,0,4,0,0,1,9107.0,53689.0,327
76115,0,2,0,0,0,1,5991.0,38929.0,43
76116,0,2,2,1,2,0,21343.0,51068.0,817
76119,3,0,0,0,1,0,14632.0,37130.0,84
76123,0,2,0,0,0,1,11208.0,85710.0,547
76127,28,0,0,0,2,0,48.0,87833.0,0
76132,0,16,0,1,0,5,12798.0,56655.0,665
76135,0,3,1,0,0,2,7929.0,63672.0,278
76137,0,1,1,0,0,1,19826.0,76877.0,860
76140,0,3,0,0,0,1,9602.0,52119.0,197
76148,0,1,1,0,0,1,7885.0,72572.0,193
76155,0,97,0,44,0,2,3023.0,57912.0,87
76164,0,4,0,2,0,0,4428.0,35984.0,31
76177,0,28,0,8,1,2,4273.0,94352.0,733
76180,0,5,2,5,1,0,14829.0,59140.0,845
76201,0,9,12,0,0,5,9745.0,33035.0,193
76205,0,2,0,1,0,0,7330.0,53949.0,313
76207,0,2,0,1,0,0,5515.0,68255.0,362
76208,0,10,0,3,0,2,7891.0,83358.0,510
76209,0,2,0,1,0,0,9218.0,54438.0,416
76210,0,10,2,2,2,3,14954.0,95499.0,1294
76227,0,1,1,0,0,1,11412.0,94235.0,1332
76244,0,6,0,0,1,2,24758.0,105182.0,1907
76248,0,2,0,2,0,0,13207.0,138519.0,1854
76262,0,20,0,5,0,3,12919.0,121352.0,3197
76301,0,2,0,1,0,0,6480.0,29024.0,89
76308,0,3,0,2,0,0,8290.0,53734.0,179
76309,0,1,0,0,1,0,5126.0,48246.0,71
76354,0,2,0,0,0,1,4945.0,50630.0,92
76365,0,0,12,0,0,1,1941.0,49698.0,14
76384,0,2,0,0,0,1,4947.0,44800.0,25
76437,0,0,8,0,0,1,2027.0,45536.0,38
76448,0,0,4,0,0,1,1900.0,36250.0,18
76457,0,4,0,0,0,1,1439.0,39854.0,24
76502,0,2,1,0,2,0,15369.0,71393.0,612
76513,0,4,0,0,0,1,13669.0,67124.0,612
76541,0,2,0,0,0,1,7564.0,31167.0,90
76542,0,4,0,0,0,2,18194.0,62751.0,620
76543,0,2,0,0,2,0,11847.0,41081.0,188
76544,0,1,0,0,1,0,3319.0,45179.0,222
76548,0,2,0,0,0,1,10234.0,74436.0,476
76550,0,5,0,0,0,2,4956.0,54423.0,82
76571,0,1,0,0,0,1,2933.0,85194.0,180
76621,0,0,8,0,0,1,355.0,77125.0,10
76645,0,2,0,0,0,1,3746.0,48095.0,70
76651,0,0,10,0,0,1,1247.0,56607.0,11
76657,0,4,0,0,0,1,3379.0,80525.0,303
76701,0,2,0,0,0,1,706.0,34500.0,71
76704,0,1,0,0,1,0,3140.0,21398.0,19
76705,0,0,28,0,0,2,10632.0,44338.0,238
76712,0,9,0,2,3,1,10007.0,71929.0,463
76825,0,1,0,0,1,0,2599.0,48017.0,11
76849,0,0,15,0,1,2,1467.0,43231.0,0
76901,0,2,0,0,2,0,11617.0,57406.0,191
76932,0,2,0,0,0,1,1092.0,74342.0,0
76943,0,0,10,0,0,2,1352.0,45568.0,18
77002,32,93,0,18,3,8,4678.0,71369.0,1126
77003,0,2,0,1,0,0,4698.0,72295.0,657
77004,0,61,0,31,0,1,13418.0,51309.0,1443
77005,0,9,1,0,0,5,10107.0,192380.0,2968
77006,0,7,0,0,0,4,12972.0,85956.0,1984
77007,0,15,6,1,1,6,20394.0,125653.0,3511
77008,0,10,0,2,1,3,16337.0,108644.0,2591
77009,0,1,0,0,0,1,14123.0,56316.0,1153
77015,0,4,6,0,0,2,17384.0,47371.0,98
77016,0,2,0,0,0,1,9679.0,36335.0,49
77017,0,2,0,0,0,2,10087.0,49994.0,123
77018,0,1,0,1,0,0,10934.0,90422.0,992
77019,0,27,0,2,0,4,11233.0,116207.0,2141
77021,0,2,0,0,0,1,10720.0,37913.0,404
77024,0,45,4,14,1,5,15218.0,123274.0,2756
77025,0,3,0,0,0,1,12590.0,76772.0,1303
77027,0,40,0,12,0,6,9733.0,98463.0,1185
77029,0,2,0,0,0,1,5647.0,38183.0,90
77030,0,43,0,13,1,4,5058.0,90075.0,900
77032,0,23,0,0,1,7,4315.0,32473.0,290
77034,0,2,1,0,2,0,12248.0,51608.0,138
77035,0,3,0,0,0,2,13764.0,44382.0,380
77036,0,3,0,0,0,1,26500.0,30952.0,270
77037,0,18,0,0,1,0,5136.0,43180.0,54
77040,0,17,9,0,1,3,17785.0,59453.0,560
77041,0,2,0,0,0,1,11350.0,87489.0,647
77042,0,15,0,1,0,4,19251.0,49726.0,508
77044,0,3,1,1,0,1,14294.0,80503.0,694
77045,0,5,0,0,0,1,10391.0,57843.0,184
77046,0,4,0,0,0,1,809.0,87891.0,71
77048,0,2,0,0,0,1,6041.0,41300.0,81
77051,0,2,0,1,0,0,6379.0,30646.0,127
77054,5,4,1,6,2,0,13097.0,50827.0,409
77055,0,0,1,0,0,1,15458.0,55591.0,1285
77056,0,19,16,3,1,2,11370.0,108359.0,1395
77057,0,14,0,1,1,5,20169.0,62644.0,1074
77058,10,7,0,0,3,0,7689.0,55035.0,332
77060,0,2,0,0,0,1,14165.0,31006.0,55
77061,0,16,0,10,0,4,8700.0,41980.0,118
77063,0,0,16,0,0,1,18753.0,46324.0,712
77064,0,3,0,0,0,1,16139.0,71754.0,633
77065,0,2,1,0,2,0,14847.0,57370.0,504
77070,0,34,1,2,0,11,20264.0,66569.0,745
77071,0,0,1,0,0,1,10110.0,48532.0,214
77074,0,11,0,5,0,1,12840.0,42776.0,228
77075,0,18,3,8,1,1,12953.0,54819.0,146
77077,0,12,0,1,0,4,27097.0,65193.0,1646
77079,0,4,1,1,2,0,12275.0,91375.0,1108
77081,0,4,0,0,0,2,18846.0,33502.0,249
77082,0,3,0,0,0,1,22308.0,51943.0,854
77084,0,2,0,0,0,1,35082.0,64133.0,1025
77085,0,2,0,0,0,1,5274.0,57167.0,92
77087,0,2,1,2,0,0,11109.0,39800.0,85
77090,0,6,8,3,2,1,15927.0,39808.0,333
77093,0,1,1,0,0,1,12831.0,31301.0,62
77094,0,9,2,2,0,3,3370.0,178354.0,472
77095,0,4,0,0,0,1,24114.0,92225.0,971
77098,0,19,1,1,0,6,8246.0,91138.0,1315
77301,0,4,1,0,2,1,10503.0,46875.0,113
77303,0,1,0,0,0,1,6689.0,55311.0,150
77304,0,2,0,1,0,0,13149.0,64516.0,600
77316,0,2,1,2,0,0,8428.0,103875.0,525
77338,0,22,1,4,2,4,15062.0,56638.0,245
77339,1,4,2,1,0,2,15735.0,75080.0,544
77340,0,6,10,3,0,2,11268.0,36604.0,150
77346,0,7,0,0,0,2,21444.0,104829.0,1128
77351,0,2,0,1,0,0,12140.0,50318.0,115
77354,0,3,0,0,0,1,12327.0,89489.0,836
77356,0,2,0,0,0,1,11675.0,92378.0,752
77357,0,10,0,4,0,1,8062.0,62321.0,170
77373,0,17,1,4,0,4,20588.0,71424.0,639
77375,0,6,0,3,2,0,18153.0,78164.0,1213
77377,0,10,0,0,0,3,12502.0,96994.0,821
77379,0,4,0,1,0,1,27653.0,103359.0,2065
77380,0,20,6,4,0,8,11986.0,73457.0,1035
77381,0,5,0,1,1,1,13738.0,117661.0,1767
77384,0,10,0,3,0,2,7879.0,87311.0,669
77385,0,7,0,3,0,1,8580.0,95126.0,585
77386,0,2,0,0,0,1,18181.0,114665.0,1853
77388,0,2,1,0,0,2,16886.0,93290.0,729
77389,0,4,0,1,0,1,12034.0,126473.0,1604
77406,0,2,0,2,0,0,15422.0,124705.0,1685
77407,0,4,0,2,0,0,17015.0,101612.0,2263
77414,0,5,0,0,0,2,8854.0,51559.0,73
77422,0,11,0,0,0,2,4582.0,56064.0,61
77429,0,4,0,2,0,0,28691.0,107033.0,2027
77433,0,2,0,0,0,1,27222.0,112468.0,2674
77449,0,8,0,0,0,2,37128.0,78112.0,935
77450,0,8,1,5,0,1,24938.0,96526.0,1478
77459,0,2,0,2,0,0,22624.0,112368.0,2905
77469,0,1,8,0,0,2,17216.0,81374.0,1104
77471,0,1,0,0,1,0,13099.0,52764.0,267
77477,0,15,4,1,2,4,12934.0,59910.0,631
77478,0,1,1,0,0,1,9603.0,92327.0,1028
77479,0,18,0,3,0,6,29475.0,140394.0,6562
77488,0,2,0,0,0,1,5365.0,44400.0,62
77494,0,15,18,1,3,6,36575.0,135943.0,4667
77503,0,2,0,0,0,1,7752.0,51312.0,69
77505,0,5,1,2,0,1,8177.0,82628.0,144
77506,0,4,0,0,0,1,10698.0,41804.0,57
77511,0,2,0,0,2,0,16203.0,64932.0,231
77521,0,7,1,0,1,3,20015.0,72665.0,261
77530,0,3,8,0,0,2,9415.0,61149.0,99
77531,0,4,0,0,0,3,6108.0,62892.0,37
77536,0,3,0,0,0,1,10663.0,81960.0,194
77539,0,1,0,1,0,0,16676.0,75664.0,424
77546,0,15,1,0,0,6,17660.0,106287.0,1349
77550,0,33,0,1,1,7,9744.0,42710.0,238
77551,0,3,0,0,0,2,8356.0,49789.0,169
77554,0,4,0,0,0,2,3744.0,75283.0,302
77566,0,6,0,0,2,1,11238.0,83782.0,284
77571,0,3,0,0,0,1,13217.0,76864.0,206
77573,0,7,5,3,2,2,30260.0,111609.0,1768
77578,0,2,0,1,0,0,7140.0,92487.0,758
77581,0,2,0,0,0,1,17071.0,92687.0,972
77584,0,14,5,2,0,7,30802.0,107995.0,2800
77591,0,9,0,2,0,1,5572.0,51659.0,111
77598,1,0,12,0,1,1,11244.0,56809.0,231
77640,0,2,0,0,2,0,6180.0,38324.0,50
77656,0,2,0,1,1,0,6205.0,52702.0,38
77657,0,1,0,0,1,0,7731.0,71319.0,90
77662,0,0,4,0,0,1,9832.0,56345.0,56
77701,0,2,0,0,2,0,4717.0,36857.0,59
77705,5,5,0,1,1,1,10451.0,41844.0,103
77802,0,8,0,2,0,2,10888.0,57114.0,257
77803,2,5,0,2,1,1,9690.0,40903.0,109
77807,0,4,0,2,0,0,3518.0,66959.0,141
77830,0,0,1,1,0,0,1186.0,77821.0,25
77833,0,8,0,1,0,2,10163.0,54748.0,251
77840,0,11,4,1,0,4,20409.0,26075.0,273
77845,0,6,0,1,2,1,24343.0,82929.0,1510
77864,0,0,4,0,0,1,2769.0,52240.0,22
77868,0,6,1,5,0,0,4659.0,54352.0,74
77880,0,2,0,0,0,1,501.0,68365.0,35
77901,0,0,6,0,0,1,14280.0,43957.0,150
77904,0,8,0,0,1,2,10604.0,76537.0,258
77954,0,3,0,2,0,0,3616.0,59056.0,30
77962,0,3,0,0,0,1,1179.0,66587.0,0
77979,0,3,0,0,0,2,6220.0,58877.0,43
78003,0,2,0,1,0,0,3750.0,60116.0,61
78006,0,8,1,1,2,1,12165.0,85813.0,1468
78013,0,1,0,0,0,1,2157.0,65757.0,73
78019,0,2,2,3,0,0,276.0,53636.0,15
78022,0,2,0,0,0,1,1390.0,54468.0,7
78024,0,8,0,0,0,2,579.0,54125.0,37
78025,0,2,0,1,0,0,1928.0,52692.0,31
78028,0,11,2,7,1,0,16856.0,54785.0,489
78041,0,3,8,1,1,1,14536.0,50603.0,303
78063,0,2,0,1,0,0,3641.0,59758.0,121
78071,3,0,8,0,1,1,1102.0,42549.0,19
78114,0,3,0,0,0,1,7641.0,70840.0,123
78124,0,3,0,0,0,1,2433.0,75211.0,69
78130,0,13,0,1,3,2,28154.0,65627.0,2037
78133,0,2,0,0,0,1,7217.0,67366.0,385
78154,0,2,8,1,0,2,14457.0,80707.0,808
78155,0,3,2,2,0,1,17359.0,58004.0,455
78201,0,8,0,4,0,0,16307.0,37183.0,402
78202,0,3,0,0,0,1,3812.0,28130.0,144
78204,0,2,0,0,0,1,4195.0,40031.0,301
78205,2,27,0,5,1,10,1069.0,36094.0,122
78207,0,2,0,1,0,0,15443.0,27205.0,122
78208,0,14,0,7,0,0,1636.0,24455.0,54
78209,0,17,0,7,2,2,17623.0,73448.0,2160
78210,0,1,0,0,1,0,12428.0,38248.0,343
78212,0,11,0,3,0,2,10784.0,47623.0,860
78214,0,2,0,1,1,0,7831.0,35978.0,49
78215,0,26,0,12,0,1,1849.0,74408.0,395
78216,0,38,0,14,1,3,17410.0,50358.0,811
78217,0,2,8,0,1,1,13649.0,46152.0,296
78218,0,8,0,4,0,0,12483.0,42343.0,332
78223,0,5,0,3,0,0,18074.0,42762.0,236
78224,0,8,0,3,0,2,5948.0,46797.0,631
78226,0,4,0,2,0,0,2409.0,30401.0,12
78227,0,6,0,1,0,2,14764.0,39864.0,141
78228,0,2,0,0,0,1,18411.0,42418.0,258
78229,0,7,0,3,1,0,14196.0,40742.0,382
78230,0,9,10,2,3,2,18223.0,62332.0,1445
78232,0,7,0,4,0,0,15778.0,73787.0,1073
78233,0,6,1,3,2,0,17290.0,54865.0,491
78235,0,17,0,7,1,0,640.0,44583.0,27
78237,0,1,0,1,0,0,10961.0,31399.0,68
78238,0,8,0,3,2,0,9127.0,50402.0,229
78240,0,2,0,1,0,0,23493.0,56154.0,678
78245,0,6,1,4,0,0,21705.0,69609.0,1344
78249,0,7,0,3,0,1,20657.0,66539.0,1239
78251,0,19,0,6,0,3,20610.0,65691.0,931
78256,0,20,1,3,0,8,4271.0,91866.0,907
78257,0,6,10,2,0,2,3616.0,77269.0,1506
78258,0,21,0,9,0,1,16083.0,105598.0,2689
78259,0,6,0,1,0,1,9449.0,90840.0,1100
78336,0,3,0,0,0,1,4051.0,42691.0,62
78363,7,1,8,0,2,1,10414.0,43261.0,157
78373,0,14,0,2,1,2,2175.0,59746.0,75
78382,0,9,0,0,0,3,8328.0,47098.0,198
78401,0,4,0,2,0,0,1816.0,28464.0,41
78405,0,0,1,1,0,0,5243.0,30284.0,24
78408,0,7,0,0,0,2,4103.0,34718.0,24
78410,0,2,0,0,0,1,9632.0,73481.0,260
78411,0,5,0,0,0,2,9949.0,59148.0,182
78412,0,3,0,0,0,1,15172.0,50222.0,249
78415,0,2,1,1,2,0,13284.0,49011.0,120
78416,0,3,0,0,0,1,5193.0,37710.0,7
78418,10,5,0,0,1,2,12122.0,68109.0,449
78501,0,9,8,1,1,3,21189.0,38421.0,426
78503,0,1,0,0,0,1,6505.0,32353.0,282
78504,0,1,0,0,0,1,18141.0,64697.0,757
78521,0,1,8,0,1,1,25324.0,32169.0,315
78539,0,4,0,0,0,1,12203.0,54158.0,387
78550,0,1,0,1,0,0,16813.0,38239.0,228
78552,0,2,0,0,2,0,12527.0,49217.0,298
78589,0,4,0,2,0,1,10593.0,38689.0,93
78597,0,15,2,1,0,5,1645.0,45221.0,167
78602,13,10,0,0,2,0,9315.0,63592.0,437
78610,0,2,0,0,0,1,12584.0,80256.0,1134
78613,0,26,13,10,2,4,26937.0,104308.0,5733
78617,0,18,0,9,0,0,6790.0,62179.0,132
78620,0,4,0,1,1,1,6107.0,108570.0,1185
78624,0,17,0,0,1,6,9036.0,60761.0,353
78628,0,4,2,3,0,1,12333.0,95238.0,1964
78629,0,1,0,1,0,0,4402.0,53783.0,117
78636,0,8,8,2,1,2,1530.0,63836.0,45
78640,0,11,14,6,0,1,18428.0,75689.0,877
78641,0,11,0,5,1,0,21929.0,100562.0,4629
78643,0,1,0,0,1,0,2301.0,53590.0,83
78650,0,2,0,0,0,1,535.0,60515.0,56
78653,0,6,0,2,0,1,7270.0,73496.0,952
78654,0,4,0,2,0,0,7082.0,54034.0,306
78657,0,4,0,1,0,1,2720.0,71483.0,213
78660,0,6,0,2,0,1,30885.0,88204.0,4028
78664,0,4,11,0,0,2,20606.0,75766.0,1709
78665,0,17,0,6,1,2,14791.0,95932.0,3055
78666,0,28,13,5,2,6,29054.0,44159.0,1040
78676,0,4,1,1,0,3,5312.0,77028.0,411
78681,0,12,16,0,2,5,17448.0,107912.0,3108
78701,0,117,2,51,0,7,6395.0,122182.0,1926
78702,0,54,4,31,1,0,9713.0,65689.0,3546
78703,1,33,12,27,1,1,9545.0,108548.0,3170
78704,1,65,20,24,1,11,25071.0,75233.0,5479
78705,0,6,0,2,0,1,8873.0,20326.0,553
78717,0,28,1,11,0,2,10552.0,112590.0,3532
78719,0,35,2,18,0,1,428.0,64167.0,40
78721,0,10,0,6,0,0,4208.0,46591.0,475
78722,0,2,0,1,0,0,3260.0,72428.0,537
78723,0,33,6,21,1,0,13527.0,59197.0,2249
78724,0,6,0,3,0,0,6776.0,50625.0,574
78726,0,11,0,3,0,2,5877.0,77384.0,1165
78727,0,14,0,5,0,2,13557.0,80758.0,1900
78728,0,4,0,0,1,1,10008.0,57590.0,1022
78729,0,14,0,7,0,0,11898.0,80742.0,1492
78730,0,12,0,6,0,0,4059.0,124063.0,1448
78731,0,7,0,2,0,1,12537.0,94851.0,3256
78732,0,12,0,3,0,2,5867.0,167604.0,2391
78734,0,20,0,6,0,3,7751.0,117604.0,2094
78735,0,36,1,13,0,4,7609.0,98906.0,2101
78736,0,6,0,2,1,0,3678.0,103287.0,546
78737,0,8,0,4,0,0,5621.0,142411.0,1775
78738,0,16,0,5,0,2,6216.0,129907.0,4178
78741,0,51,0,24,0,2,21664.0,45835.0,1509
78744,0,16,3,11,0,0,15493.0,52345.0,1177
78745,0,30,1,13,3,0,26756.0,64626.0,2450
78746,0,46,5,27,1,1,10894.0,151801.0,5151
78747,0,5,1,2,0,1,6971.0,82811.0,724
78748,0,4,12,1,1,1,20239.0,76909.0,2182
78749,1,7,0,3,0,1,15428.0,105734.0,2174
78750,0,9,0,3,0,1,11858.0,102130.0,2312
78751,0,7,0,3,0,1,7911.0,64340.0,1238
78752,0,53,8,27,0,1,8484.0,48454.0,658
78753,0,25,1,8,0,5,20552.0,51053.0,1041
78754,0,30,0,15,0,0,8816.0,72752.0,1144
78756,0,6,0,3,0,0,4339.0,82535.0,994
78757,0,6,1,2,0,1,10937.0,76716.0,2247
78758,0,74,17,34,3,3,20844.0,55074.0,2577
78759,0,58,18,15,0,3,20671.0,85555.0,3137
78801,0,2,0,0,0,1,7223.0,42360.0,60
78834,0,10,0,0,0,1,2409.0,29115.0,0
78840,0,1,0,0,1,0,15578.0,46345.0,239
78852,0,2,0,1,0,0,15986.0,39548.0,221
78873,0,2,0,1,0,0,652.0,37045.0,17
78934,0,0,10,0,0,2,2380.0,53532.0,74
78941,0,0,8,0,0,1,935.0,60625.0,6
78942,0,0,8,0,0,1,2965.0,52637.0,47
78950,0,2,0,0,0,1,800.0,54292.0,34
78954,0,1,0,0,1,0,513.0,69464.0,13
79029,0,16,0,0,0,2,5006.0,58824.0,28
79070,0,1,0,0,1,0,3328.0,50143.0,25
79079,0,0,6,0,0,1,1131.0,43277.0,28
79118,0,3,0,0,0,1,7993.0,75021.0,335
79119,0,3,0,0,2,0,6810.0,85490.0,373
79124,0,7,12,0,0,4,3444.0,97071.0,132
79201,0,2,8,1,0,1,2430.0,43507.0,14
79370,0,2,0,1,0,0,626.0,39907.0,17
79401,0,5,0,1,0,1,3302.0,19900.0,62
79407,0,1,0,1,0,0,9475.0,45542.0,295
79424,0,4,1,2,2,0,18856.0,84450.0,737
79556,0,0,12,0,0,2,4571.0,44840.0,24
79567,0,1,0,1,0,0,1291.0,38806.0,0
79606,0,6,0,0,1,2,10223.0,64465.0,300
79701,0,0,4,0,0,1,10006.0,57064.0,146
79706,0,1,8,1,0,1,7594.0,85772.0,168
79707,0,1,0,0,1,0,14497.0,98015.0,404
79720,3,0,0,0,1,0,10537.0,54479.0,119
79734,0,3,0,0,0,1,1005.0,53401.0,22
79735,0,0,12,0,0,2,3965.0,48313.0,42
79756,0,2,0,0,0,1,3276.0,66667.0,15
79772,0,3,12,0,0,3,3058.0,55507.0,36
79821,2,0,0,0,1,0,1855.0,37083.0,77
79843,0,3,0,0,0,1,954.0,41163.0,23
79855,0,0,12,0,0,2,557.0,35813.0,28
79901,0,9,0,3,1,1,3669.0,13574.0,75
79902,0,2,0,0,0,1,8067.0,34791.0,410
79905,0,5,0,3,0,0,7565.0,23394.0,42
79907,0,4,0,0,0,2,16518.0,31784.0,133
79911,0,5,0,3,0,0,2004.0,104797.0,233
79912,0,8,0,3,0,1,28490.0,60503.0,2126
79925,0,26,1,5,2,5,14668.0,47596.0,278
79932,0,0,8,0,0,1,8899.0,67753.0,478
79935,0,0,4,0,0,1,6216.0,55054.0,123
79936,0,4,0,0,1,1,35437.0,54870.0,762
85248,0,2,0,0,0,1,16253.0,76457.0,0
97005,7,118,5,6,13,12,11286.0,50932.0,466
97006,0,61,13,2,10,7,27222.0,78919.0,990
97007,0,2,0,0,0,1,25528.0,85346.0,1402
97013,0,3,0,0,2,0,8718.0,74124.0,302
97014,0,1,1,0,0,1,585.0,52117.0,25
97015,1,15,3,4,1,5,8903.0,78106.0,336
97016,0,5,3,0,0,3,2539.0,45910.0,27
97023,0,8,0,0,0,2,3867.0,70917.0,111
97027,0,6,1,2,2,1,4796.0,64478.0,116
97028,0,1,1,0,0,1,105.0,69440.0,9
97030,0,15,0,4,1,3,14800.0,50680.0,251
97031,1,16,13,3,1,8,7237.0,66970.0,325
97034,0,21,4,0,0,10,7771.0,128048.0,1317
97035,0,55,0,4,2,10,11305.0,98557.0,1155
97038,0,1,0,0,0,1,5633.0,64678.0,93
97040,0,1,0,0,1,0,592.0,77240.0,24
97041,0,3,0,0,1,1,817.0,62625.0,20
97045,0,26,0,7,2,5,20559.0,79315.0,839
97048,0,2,1,0,0,1,2704.0,56483.0,61
97051,0,3,0,1,1,0,6383.0,59070.0,162
97054,0,2,2,3,0,0,580.0,73667.0,14
97055,0,3,10,0,1,3,7027.0,78883.0,168
97056,0,3,1,2,0,1,4627.0,76935.0,202
97058,0,6,7,1,2,2,8122.0,52399.0,156
97060,5,8,4,2,1,5,7098.0,75291.0,204
97062,0,7,2,0,0,5,11175.0,87798.0,655
97067,0,1,1,0,0,1,863.0,63990.0,35
97068,0,2,0,0,1,0,10994.0,113389.0,1090
97070,1,19,7,4,4,4,10185.0,73569.0,689
97071,0,9,13,4,1,3,9188.0,54079.0,146
97080,0,1,0,0,0,1,15399.0,75431.0,496
97086,0,14,4,0,0,10,11378.0,94031.0,785
97101,0,5,0,0,1,2,1473.0,76397.0,36
97103,4,9,1,0,1,4,7380.0,55549.0,140
97106,0,2,2,0,0,3,1519.0,103958.0,85
97110,0,15,1,0,1,5,505.0,31202.0,38
97111,0,6,0,0,1,2,1302.0,65000.0,73
97113,0,6,3,0,1,3,4465.0,69952.0,111
97114,0,12,0,0,0,6,1606.0,66486.0,53
97115,0,7,0,0,1,4,1474.0,77813.0,95
97116,0,5,0,0,0,4,9479.0,65911.0,391
97119,0,2,0,0,0,1,1511.0,94904.0,71
97123,1,44,5,17,0,7,16272.0,81774.0,941
97124,0,81,3,14,8,11,20830.0,90460.0,1196
97128,0,12,1,1,3,5,14262.0,56620.0,354
97132,0,10,1,0,2,5,10351.0,71983.0,460
97133,0,2,0,0,0,1,1766.0,95357.0,132
97134,0,4,0,0,1,1,173.0,64485.0,11
97138,0,6,8,1,0,2,4368.0,49976.0,119
97140,3,17,5,8,1,4,9045.0,106855.0,625
97141,0,14,3,4,1,4,5347.0,49347.0,92
97145,0,9,0,0,0,2,156.0,92273.0,2
97146,0,6,4,2,0,2,2370.0,59286.0,34
97148,0,2,0,0,1,1,1346.0,95000.0,38
97201,0,35,0,2,2,9,9180.0,55485.0,472
97202,0,7,1,3,0,4,18304.0,81772.0,1483
97203,0,8,0,4,0,0,12249.0,68860.0,530
97204,0,50,1,5,1,9,384.0,20593.0,91
97205,0,43,0,7,0,8,5069.0,37420.0,4302
97206,0,4,4,2,0,1,20618.0,69672.0,1037
97209,0,57,0,3,1,8,13072.0,66435.0,594
97210,0,16,1,4,0,3,6710.0,77845.0,684
97211,0,5,0,0,0,3,13620.0,81802.0,933
97212,0,4,0,1,0,1,10908.0,106705.0,1166
97213,0,17,4,0,0,9,14023.0,77804.0,851
97214,5,16,0,3,3,4,13149.0,69946.0,747
97215,0,3,0,0,0,2,7850.0,83371.0,685
97217,0,44,7,15,1,6,14694.0,80953.0,906
97218,0,11,2,0,0,4,5476.0,66285.0,301
97219,1,13,3,0,5,4,16878.0,98755.0,1755
97220,0,12,1,1,2,4,11372.0,56196.0,348
97222,0,25,4,1,1,7,15791.0,60318.0,552
97223,0,17,25,2,0,13,19693.0,83350.0,1198
97224,0,10,3,0,0,7,14763.0,77540.0,927
97225,0,14,0,2,1,2,11388.0,89916.0,1055
97227,0,23,0,1,0,5,2574.0,71232.0,455
97229,0,4,0,1,0,1,25161.0,122881.0,3795
97230,0,4,2,0,2,2,15147.0,54581.0,434
97231,0,2,0,1,0,0,1578.0,101528.0,267
97232,0,46,4,9,1,10,7236.0,63059.0,527
97233,0,6,0,2,0,2,13682.0,42452.0,237
97239,2,8,0,2,0,1,9022.0,93459.0,968
97266,0,3,0,2,1,0,12653.0,53984.0,370
97267,0,3,1,0,2,0,13426.0,70162.0,590
97301,12,66,16,19,4,15,18558.0,43841.0,380
97302,0,9,2,1,3,4,15794.0,66702.0,729
97303,2,6,2,0,1,3,14991.0,64587.0,317
97304,0,10,0,0,1,4,12298.0,69945.0,511
97305,0,0,4,0,0,1,14613.0,52533.0,175
97321,0,6,0,3,0,0,10593.0,73441.0,414
97322,0,1,7,1,1,2,14067.0,55349.0,197
97330,0,23,0,5,3,4,18095.0,56998.0,1091
97333,0,9,0,1,0,2,9497.0,54354.0,416
97338,0,1,1,0,0,2,8159.0,61956.0,150
97341,0,1,0,0,0,1,1336.0,46978.0,48
97342,0,1,7,0,0,2,51.0,40313.0,2
97344,0,2,0,0,0,1,512.0,45313.0,7
97345,1,0,0,0,1,0,204.0,42713.0,6
97347,0,1,1,0,0,1,725.0,42802.0,7
97348,0,3,1,0,0,2,609.0,62332.0,6
97351,0,10,0,3,0,2,3676.0,53500.0,103
97355,0,5,0,0,2,1,11759.0,53066.0,152
97360,0,3,5,5,0,1,958.0,51744.0,10
97361,0,1,1,0,0,1,4047.0,43653.0,97
97365,0,8,6,1,2,3,4912.0,49838.0,124
97366,0,4,0,2,0,0,772.0,56875.0,39
97367,0,7,9,2,0,3,4532.0,40206.0,146
97368,0,2,4,5,0,0,1461.0,38926.0,21
97370,0,2,0,1,0,0,3301.0,82132.0,192
97371,0,3,0,0,0,1,246.0,135385.0,7
97376,0,1,0,0,1,0,550.0,51346.0,21
97378,2,0,0,0,1,0,2410.0,56274.0,40
97381,0,2,0,0,0,1,5707.0,72770.0,205
97388,0,8,0,0,0,1,365.0,58368.0,20
97391,0,6,0,3,0,0,2257.0,54675.0,28
97392,0,2,0,0,0,1,2450.0,83725.0,75
97394,0,8,0,0,0,2,2397.0,46854.0,53
97401,0,27,1,6,2,7,21055.0,37662.0,663
97402,0,4,0,1,0,1,21335.0,47168.0,507
97403,0,23,0,6,4,1,4116.0,45034.0,247
97404,0,5,0,3,0,1,13547.0,63220.0,421
97405,10,16,0,0,2,3,19215.0,69200.0,1500
97408,0,8,0,4,1,0,5880.0,63475.0,299
97411,0,6,8,0,1,3,3394.0,35545.0,89
97413,0,1,1,0,0,1,486.0,53716.0,10
97415,0,1,1,0,0,1,6548.0,50547.0,158
97417,0,3,1,1,0,1,1063.0,35797.0,2
97420,2,4,1,1,2,2,11631.0,49897.0,143
97424,0,11,1,0,0,4,7212.0,48468.0,112
97436,0,1,1,0,0,1,318.0,46667.0,7
97437,0,4,0,0,0,1,1078.0,74444.0,26
97439,0,17,1,2,0,4,7074.0,44608.0,152
97443,1,0,0,0,1,0,832.0,47098.0,8
97448,0,6,1,0,1,1,5091.0,58596.0,112
97452,1,0,0,0,1,0,676.0,61528.0,15
97455,0,6,0,0,0,1,935.0,79018.0,24
97457,1,2,8,1,1,1,3998.0,46076.0,35
97459,3,3,0,0,3,1,5386.0,53881.0,90
97462,0,1,1,0,0,1,1592.0,48557.0,28
97463,0,2,0,0,1,0,1685.0,32734.0,8
97465,0,3,1,0,0,2,1046.0,34118.0,18
97467,1,4,1,1,2,1,2217.0,39396.0,7
97470,7,8,1,2,7,3,8830.0,45587.0,90
97471,1,9,1,2,2,2,12626.0,52225.0,189
97477,0,3,19,0,0,4,15892.0,45674.0,300
97478,0,1,0,0,0,1,14505.0,61307.0,284
97479,0,3,4,0,0,2,4193.0,47142.0,44
97487,0,1,1,0,0,1,3459.0,55260.0,73
97497,0,2,2,0,0,2,644.0,34075.0,0
97498,3,6,1,0,1,3,780.0,51231.0,49
97501,0,4,1,1,1,2,17855.0,45594.0,230
97502,0,2,0,1,0,0,11179.0,62602.0,198
97504,0,23,13,5,3,5,19469.0,56183.0,561
97520,2,42,1,4,8,5,11608.0,59017.0,966
97526,0,1,13,1,1,2,15157.0,47860.0,232
97527,0,4,0,1,0,1,14931.0,49224.0,197
97540,0,2,0,0,1,0,3902.0,44593.0,152
97601,0,6,4,6,0,1,9726.0,43076.0,126
97603,1,0,8,0,1,1,11878.0,51972.0,85
97641,0,1,0,0,1,0,656.0,29479.0,0
97701,0,25,1,2,3,6,28405.0,68439.0,478
97702,0,39,12,3,4,9,19563.0,69895.0,660
97707,0,3,0,0,1,1,2592.0,69109.0,164
97720,0,1,1,1,1,0,2029.0,38206.0,15
97738,0,0,8,0,0,1,744.0,52500.0,4
97741,0,8,7,7,0,2,4406.0,50417.0,33
97750,0,3,0,0,1,1,153.0,44375.0,0
97753,0,8,0,0,0,1,927.0,95165.0,28
97756,0,10,1,2,2,3,14969.0,65788.0,254
97759,0,7,1,0,2,3,3265.0,76012.0,139
97761,0,1,1,0,0,1,1001.0,46382.0,2
97801,0,2,9,2,0,1,7373.0,53093.0,63
97812,0,1,2,0,0,1,356.0,59000.0,3
97814,0,0,8,0,0,1,5150.0,47313.0,36
97818,0,1,0,1,0,0,1522.0,53276.0,7
97823,0,2,0,1,0,0,455.0,42054.0,9
97828,0,4,0,2,0,0,1451.0,49183.0,4
97830,0,2,0,1,0,0,316.0,41719.0,4
97836,0,2,0,1,0,0,837.0,49821.0,2
97838,0,4,4,2,0,1,9276.0,58264.0,74
97843,0,2,0,1,0,0,254.0,58750.0,0
97845,0,1,1,1,0,1,1337.0,38024.0,9
97846,0,2,0,0,0,1,891.0,61157.0,4
97848,3,0,0,0,2,0,76.0,52955.0,1
97850,0,1,4,0,1,1,7013.0,49456.0,48
97869,0,2,0,0,0,1,410.0,51667.0,2
97907,0,0,4,0,0,1,235.0,38958.0,0
97910,1,0,0,0,1,0,207.0,48375.0,0
97914,0,0,8,0,0,1,5948.0,42517.0,38
98001,0,13,16,0,0,7,11247.0,90287.0,3918
98002,0,18,5,2,1,9,13475.0,57317.0,1573
98003,0,12,15,3,1,5,18547.0,59391.0,2507
98004,0,227,19,85,2,19,17070.0,134580.0,18632
98005,0,98,4,36,0,11,8008.0,120913.0,8276
98006,0,14,0,5,0,2,13337.0,144247.0,17795
98007,0,19,0,4,1,7,11859.0,96545.0,5884
98008,0,15,0,4,1,2,9278.0,117775.0,10030
98011,0,36,10,16,0,3,13304.0,98268.0,6575
98012,0,2,0,0,0,1,24246.0,109161.0,16698
98020,0,8,0,1,0,6,8602.0,95141.0,5641
98021,0,5,3,0,0,3,10817.0,123479.0,9827
98022,0,2,0,0,0,1,8461.0,76929.0,1815
98023,0,2,0,0,0,1,17782.0,79434.0,4836
98024,0,1,0,0,0,1,2373.0,141475.0,1612
98026,0,5,4,5,2,0,14818.0,94385.0,7290
98027,0,29,3,7,2,5,11945.0,113047.0,10051
98028,0,12,0,1,0,2,8876.0,110058.0,6826
98029,1,22,8,9,0,3,11271.0,129185.0,10421
98030,0,6,0,3,0,0,12615.0,64666.0,2904
98031,0,3,0,0,0,2,12333.0,83324.0,3759
98032,0,15,5,2,0,4,13956.0,63562.0,3176
98033,0,39,0,16,0,6,16524.0,133744.0,20136
98034,0,17,8,4,2,6,17646.0,101674.0,14319
98036,0,35,3,5,0,5,14952.0,84787.0,6055
98037,0,20,4,4,1,7,11162.0,76630.0,3294
98038,0,2,0,0,0,1,12127.0,111689.0,6945
98040,0,27,2,12,0,3,10199.0,147566.0,16690
98042,0,11,3,0,1,5,16686.0,104306.0,6025
98043,0,7,0,3,0,1,8557.0,72955.0,2135
98045,0,12,14,0,1,3,5666.0,112568.0,4027
98052,0,57,5,9,3,13,28022.0,135287.0,29672
98053,0,4,0,0,0,1,8163.0,145453.0,12524
98055,0,21,0,10,0,1,9618.0,76765.0,2652
98056,0,55,0,0,2,5,14049.0,85451.0,6937
98057,0,43,6,15,4,7,6023.0,57172.0,2410
98058,0,3,1,0,2,1,15830.0,92225.0,6125
98059,0,3,0,0,0,2,13795.0,105872.0,10542
98065,0,22,0,3,1,1,5189.0,144320.0,5003
98068,0,10,1,0,1,1,208.0,97625.0,118
98070,0,2,0,1,0,0,4664.0,78966.0,5251
98072,0,42,4,11,0,6,9205.0,117704.0,8975
98074,0,6,0,2,0,1,9455.0,188900.0,15570
98075,0,10,0,4,0,1,7860.0,178697.0,12588
98087,0,2,10,0,0,2,14677.0,76863.0,4441
98092,0,5,2,0,0,3,16397.0,92376.0,5592
98101,0,153,14,24,4,29,9199.0,80389.0,4157
98102,0,16,0,7,0,1,15650.0,91466.0,5741
98103,0,15,2,8,1,0,24994.0,105177.0,14828
98104,0,97,1,21,2,18,8286.0,53407.0,7663
98105,0,48,4,12,7,5,17146.0,62582.0,10433
98106,0,4,1,1,2,1,11001.0,69110.0,4325
98107,0,17,13,2,0,8,14213.0,100178.0,7509
98108,0,9,5,3,2,2,8491.0,61547.0,3870
98109,0,186,4,52,2,21,17342.0,106393.0,11374
98110,0,10,0,4,0,1,10115.0,117990.0,12391
98112,0,2,0,0,1,1,11648.0,118305.0,11244
98115,0,6,3,3,0,3,22922.0,111569.0,19002
98116,0,0,2,0,0,1,12997.0,121208.0,7231
98117,0,9,0,0,0,3,14965.0,116871.0,11598
98118,0,2,4,0,0,2,17318.0,82216.0,9374
98119,0,4,3,0,0,3,12769.0,96768.0,6581
98121,0,122,12,56,0,6,12943.0,115323.0,4961
98122,0,23,11,2,0,10,19467.0,79609.0,9328
98125,0,12,23,4,0,6,19283.0,70744.0,9750
98126,0,1,0,0,0,1,10362.0,86983.0,5491
98133,0,14,0,0,1,7,21650.0,68994.0,8194
98134,0,51,13,11,7,5,221.0,83472.0,570
98136,0,5,0,3,0,0,7612.0,113750.0,5047
98144,0,4,2,2,0,1,13947.0,78414.0,8564
98146,0,1,0,0,0,1,10200.0,78750.0,4280
98148,0,3,1,0,2,0,4616.0,61455.0,795
98155,0,4,0,1,0,1,13602.0,94054.0,8403
98164,0,25,0,14,0,1,129.0,157829.0,82
98166,0,12,1,11,0,1,8786.0,83615.0,4246
98168,0,3,5,0,0,2,11818.0,59120.0,2856
98188,48,47,9,13,2,14,9217.0,60586.0,2098
98198,1,14,0,2,2,4,14020.0,66906.0,2775
98199,0,4,0,0,0,1,9883.0,114551.0,8478
98201,0,28,0,1,0,6,12942.0,57179.0,2183
98203,0,8,0,4,0,1,13903.0,73840.0,3803
98204,0,8,6,3,3,2,17032.0,55978.0,1915
98208,0,3,10,0,0,3,20690.0,91574.0,6366
98221,0,12,0,2,1,5,9591.0,73802.0,4372
98223,0,12,16,4,1,2,16390.0,88295.0,3004
98225,0,28,0,7,1,4,21229.0,50184.0,7282
98226,0,25,7,2,2,7,17584.0,64235.0,5799
98229,0,2,3,0,1,1,13132.0,71918.0,6804
98230,0,4,14,1,1,2,7423.0,69529.0,2601
98233,0,6,9,0,1,3,6331.0,61330.0,789
98237,0,2,0,0,1,0,1826.0,51823.0,121
98240,0,2,0,0,0,1,1160.0,72647.0,209
98245,0,3,0,0,2,0,1913.0,54219.0,2112
98247,0,1,0,1,0,0,3209.0,60273.0,646
98248,0,1,0,0,0,1,9150.0,76684.0,2180
98249,0,4,0,1,0,1,2122.0,73615.0,1407
98250,0,11,0,0,8,0,3823.0,70613.0,3478
98257,0,2,0,1,0,0,1934.0,64295.0,567
98258,0,3,6,1,0,1,11498.0,96325.0,5878
98260,0,6,0,0,0,3,2709.0,72697.0,1736
98261,0,2,0,0,2,0,1409.0,60284.0,1122
98264,0,1,0,0,0,1,7507.0,68174.0,1341
98271,0,10,5,4,0,3,10990.0,79494.0,2066
98272,0,3,15,0,1,2,9160.0,91458.0,3865
98273,1,20,4,7,3,3,11182.0,62094.0,2304
98275,0,7,0,1,0,2,8176.0,108536.0,4724
98277,0,4,0,2,0,0,15825.0,60658.0,2857
98279,0,1,0,0,1,0,339.0,58125.0,448
98280,0,1,1,0,1,0,258.0,53667.0,180
98282,0,4,0,0,0,1,7232.0,80965.0,3160
98283,0,5,0,0,2,0,161.0,75149.0,14
98284,1,0,0,0,1,0,9628.0,66548.0,1444
98288,0,5,1,2,0,1,110.0,46500.0,35
98290,0,11,0,3,0,2,13073.0,99171.0,5761
98294,0,1,1,0,0,1,2699.0,75663.0,608
98296,0,2,0,0,0,1,10096.0,137500.0,6174
98304,4,6,0,0,3,2,459.0,47384.0,64
98310,0,2,0,0,0,2,8981.0,56292.0,1543
98312,0,9,2,0,4,2,12810.0,64400.0,3307
98315,25,12,0,0,13,0,1152.0,57134.0,197
98325,0,1,1,0,0,1,668.0,48542.0,216
98327,0,5,2,0,0,3,3831.0,90298.0,1050
98331,0,12,8,0,2,4,2411.0,41619.0,115
98332,0,2,0,1,0,0,6970.0,102635.0,4009
98335,0,11,4,2,1,4,10100.0,98584.0,5874
98337,2,16,0,0,5,2,3511.0,51250.0,425
98339,1,1,0,0,1,0,1452.0,60034.0,307
98345,26,0,0,0,2,0,239.0,48319.0,106
98346,0,6,0,0,0,2,3898.0,84148.0,1986
98356,0,1,0,0,1,0,754.0,43173.0,83
98357,0,5,0,0,1,2,477.0,44464.0,21
98358,1,1,0,0,1,0,424.0,51429.0,437
98362,0,8,6,0,1,7,10498.0,50333.0,2155
98363,0,8,0,0,2,2,5786.0,57118.0,872
98366,2,4,4,1,0,3,13391.0,68653.0,2666
98368,0,15,0,0,5,3,7619.0,54436.0,4595
98370,24,14,0,1,1,4,12393.0,84409.0,4759
98371,0,11,1,0,2,4,8510.0,76729.0,2169
98372,0,6,0,0,0,3,10363.0,75005.0,2196
98373,0,2,4,0,0,2,9423.0,73133.0,1711
98374,0,10,0,5,0,0,14515.0,83644.0,3291
98382,0,8,8,0,2,4,13561.0,53350.0,4395
98383,6,24,2,0,5,6,8720.0,82982.0,2137
98387,0,2,0,1,0,0,16318.0,75308.0,2153
98388,0,1,0,0,0,1,2495.0,82330.0,1087
98390,0,5,0,0,0,2,4456.0,66151.0,811
98391,0,2,0,0,0,1,17728.0,103505.0,6100
98392,0,4,0,0,0,1,1379.0,68850.0,508
98402,0,39,0,12,2,4,3604.0,54579.0,718
98403,0,8,0,2,0,1,4178.0,63507.0,1052
98404,0,2,0,2,0,0,11692.0,54406.0,1566
98405,0,8,3,4,0,3,9800.0,54043.0,1935
98406,0,4,0,0,0,2,9753.0,82111.0,2517
98407,0,7,0,1,0,3,9298.0,80196.0,3979
98408,0,3,0,0,0,2,7725.0,59207.0,916
98409,1,32,3,9,7,2,10267.0,53328.0,1587
98422,0,3,0,2,0,0,7771.0,98360.0,3085
98424,1,2,4,3,1,1,4186.0,69848.0,665
98433,0,1,0,0,1,0,4249.0,44943.0,449
98444,0,3,0,0,0,2,12950.0,48998.0,1251
98445,0,2,0,1,0,0,11237.0,65851.0,1381
98446,0,2,0,0,0,1,3959.0,81096.0,634
98465,0,2,0,1,0,0,3126.0,55588.0,840
98466,0,6,0,3,0,0,11915.0,66966.0,3255
98467,0,1,0,0,0,1,6044.0,69337.0,2001
98498,0,9,0,3,0,1,11277.0,67201.0,2317
98499,0,9,0,4,0,1,13173.0,42665.0,1658
98501,0,35,6,15,2,10,17413.0,74558.0,11936
98502,2,22,4,5,3,6,14290.0,69326.0,6325
98503,0,12,12,3,1,2,15810.0,65536.0,3428
98512,0,2,12,0,0,3,12316.0,76294.0,3654
98513,0,4,0,0,0,1,13381.0,76620.0,3459
98516,0,14,7,5,0,3,10079.0,80258.0,3954
98520,0,0,12,0,0,2,8193.0,50849.0,988
98528,0,2,0,0,0,1,4109.0,57235.0,895
98531,0,3,22,2,0,2,10183.0,47874.0,1275
98532,0,2,1,0,0,1,9134.0,62547.0,1351
98564,0,3,0,0,0,1,970.0,47024.0,183
98569,0,4,0,2,0,0,3317.0,46999.0,957
98575,0,2,0,0,1,0,65.0,53472.0,0
98579,0,2,0,0,1,0,4871.0,72490.0,636
98584,0,8,0,0,0,3,13696.0,58193.0,2525
98590,0,2,0,0,0,1,129.0,44861.0,49
98592,0,3,0,0,0,1,780.0,61406.0,194
98595,0,3,0,0,0,1,1095.0,51013.0,152
98597,0,2,0,0,0,1,8507.0,70629.0,1531
98605,0,2,0,0,1,0,454.0,67667.0,12
98607,0,15,0,1,0,2,11294.0,108321.0,8513
98610,0,2,0,0,0,1,1255.0,56179.0,80
98611,0,1,1,0,0,1,3509.0,66161.0,377
98612,0,2,0,0,0,2,1254.0,54189.0,216
98616,0,1,0,0,1,0,50.0,85227.0,4
98625,0,0,4,0,1,0,2658.0,76809.0,586
98626,0,0,16,0,0,2,9391.0,53966.0,946
98631,0,5,0,1,0,1,1601.0,36650.0,214
98632,0,3,1,1,1,1,20963.0,47774.0,2250
98642,0,34,1,14,2,4,6990.0,98911.0,3999
98644,0,2,0,0,0,1,212.0,43289.0,79
98648,0,8,0,0,0,1,1300.0,60357.0,434
98660,0,12,0,1,0,3,5591.0,47823.0,1992
98661,2,7,4,2,2,4,18797.0,58654.0,3816
98662,0,17,9,3,2,6,12362.0,62877.0,2965
98663,0,7,4,3,1,1,6130.0,62020.0,1558
98664,0,1,0,0,0,1,9188.0,66701.0,2650
98665,0,1,6,0,0,2,10061.0,64566.0,2586
98674,0,0,1,0,0,1,4659.0,71532.0,934
98682,0,1,0,0,0,1,20854.0,75634.0,5273
98683,0,18,3,1,0,5,13759.0,70099.0,4496
98684,0,13,0,4,3,1,10891.0,66781.0,2987
98685,0,0,14,0,0,2,10760.0,103120.0,4378
98686,0,6,0,0,0,3,7912.0,86382.0,3189
98801,0,32,3,0,14,2,15998.0,58670.0,2328
98802,0,3,1,1,2,0,11442.0,68363.0,1526
98813,0,1,0,0,1,0,817.0,46209.0,0
98816,12,5,0,0,4,1,2344.0,55357.0,902
98822,0,0,8,0,0,1,749.0,56006.0,159
98823,0,2,0,0,1,0,3959.0,62795.0,304
98826,0,13,21,0,6,6,3118.0,63488.0,1633
98831,0,4,0,0,1,2,1341.0,49764.0,317
98833,2,1,0,0,1,0,63.0,97548.0,121
98837,0,4,14,0,0,5,15087.0,55876.0,1432
98841,0,1,0,0,1,0,3914.0,46746.0,97
98844,0,5,0,0,1,1,2094.0,42783.0,116
98846,0,1,0,0,1,0,445.0,62813.0,32
98848,0,5,0,2,0,1,3417.0,63322.0,455
98851,0,1,0,0,1,0,1743.0,47386.0,158
98855,0,1,0,0,1,0,2592.0,40658.0,105
98856,0,1,0,0,1,0,1104.0,48900.0,271
98858,0,1,0,0,1,0,806.0,57955.0,42
98862,0,5,0,0,2,1,1175.0,59787.0,354
98901,0,11,14,0,4,4,10635.0,42151.0,644
98902,0,16,0,8,0,0,16464.0,43461.0,891
98908,0,2,0,2,0,0,14574.0,64974.0,1564
98922,0,4,14,0,0,4,3028.0,57458.0,992
98926,0,4,10,0,2,3,13327.0,56018.0,1435
98944,0,8,0,0,0,2,6388.0,46393.0,298
98951,0,1,0,0,0,1,3530.0,48866.0,47
98952,1,0,0,0,1,0,561.0,49821.0,0
98953,0,4,0,2,0,0,2293.0,64958.0,156
99001,0,2,0,0,0,1,1606.0,49342.0,177
99006,0,2,0,0,0,1,4808.0,62741.0,360
99016,0,0,1,1,0,0,6207.0,75012.0,1165
99019,0,10,1,0,0,6,4919.0,85131.0,902
99021,0,2,0,0,0,1,3709.0,73091.0,404
99022,0,2,0,0,0,1,3124.0,71733.0,299
99037,0,0,8,0,0,1,5978.0,58000.0,561
99114,0,4,0,0,0,2,5127.0,50067.0,314
99115,0,1,0,0,1,0,467.0,51964.0,80
99116,1,0,0,0,1,0,718.0,56974.0,22
99122,0,1,0,0,1,0,1663.0,58059.0,125
99156,0,2,0,0,0,1,3662.0,51389.0,212
99163,0,9,1,3,0,2,12168.0,33837.0,1126
99169,0,0,9,0,0,3,1091.0,48899.0,97
99170,0,2,1,0,0,1,406.0,51905.0,21
99201,0,29,3,2,1,12,6983.0,30388.0,872
99202,0,12,0,2,0,4,7534.0,39857.0,755
99203,0,2,0,0,0,1,9051.0,76543.0,2322
99204,0,3,0,0,0,1,3482.0,36280.0,478
99205,0,14,0,0,3,0,18221.0,53205.0,1227
99206,0,3,0,1,0,1,15374.0,58853.0,1186
99208,0,2,0,0,0,1,21836.0,62587.0,2575
99212,0,4,1,1,1,1,8729.0,54518.0,982
99216,0,10,0,1,0,4,10886.0,47180.0,723
99217,0,4,0,0,0,2,6805.0,55145.0,634
99218,0,2,1,0,1,2,6189.0,45689.0,574
99224,0,34,8,11,0,6,8964.0,64455.0,1623
99301,0,6,1,0,2,2,23938.0,64311.0,2743
99320,0,3,0,0,0,1,3739.0,63075.0,454
99324,0,2,0,0,0,1,3759.0,53083.0,343
99326,0,0,1,0,0,1,1334.0,57747.0,68
99328,0,7,1,0,0,3,1635.0,55048.0,120
99336,0,2,8,0,1,1,18815.0,49973.0,1735
99337,0,1,1,0,0,1,11260.0,74158.0,1584
99338,0,6,2,0,0,3,5580.0,114429.0,1968
99350,0,1,1,0,0,2,4897.0,57973.0,221
99352,0,13,3,1,1,4,12877.0,81410.0,3413
99354,36,48,0,0,45,1,9175.0,73369.0,2082
99361,0,1,0,0,0,1,750.0,69118.0,100
99362,1,27,0,1,3,12,15717.0,56665.0,2054
99403,0,2,0,0,0,1,8338.0,53079.0,370
